candidate_id,title,abstract,abstract_missing,doi,openalex_id,publication_year,work_type,language,query_arms,best_rank,sampling_stratum,second_review_sample,decision,reason,reviewer,adjudication_status
OA0001,Heat purchase agreements could lower barriers to heat pump adoption,,1,10.1016/j.apenergy.2021.116489,https://openalex.org/W3129081719,2021,article,en,adoption;barrier,1,title_only__01_20,0,,,,
OA0002,Large-scale heat pumps: Uptake and performance modelling of market-available devices,,1,10.1016/j.rser.2020.110646,https://openalex.org/W3111805018,2020,article,en,uptake,1,title_only__01_20,0,,,,
OA0003,Pumping up adoption: The role of policy awareness in explaining willingness to adopt heat pumps in Canada,,1,10.1016/j.erss.2022.102926,https://openalex.org/W4313567522,2023,article,en,adoption;consumer;willingness,1,title_only__01_20,0,,,,
OA0004,Selling and installing heat pumps: influencing household practices,"When installing energy-efficient technologies in housing, such as heat pumps, the energy savings predicted by technical analyses are often not realized, resulting in a performance gap. This study focuses on air-to-air heat pumps in residential settings. Interviews with actors in Scandinavia who are involved in selling and installing heat pumps are analysed to understand what role these actors have in relation to the performance gap. Previous studies have focused on households and their everyday practices with heat pumps. This study focuses on the process of integrating the heat-pump technologies into homes, and analyses the role of professional practices from supply-side actors (e.g. advice, provision and installation) in relation to questions of residential comfort, know-how and use, as well as the material (physical) integration of heat pumps into homes. In analysing these questions, the study’s contribution is a focus on how to understand material elements within practice–theoretical approaches. From a policy perspective, the analysis shows that a sole focus on the efficiency of technologies is too limited in terms of achieving reduced energy consumption. There is potential for different actors on the provision side to be assigned new roles in order to realize more energy savings.",0,10.1080/09613218.2016.1157420,https://openalex.org/W2325720737,2016,article,en,household,1,abstract__01_20,0,,,,
OA0005,The Economic Determinants of Heat Pump Adoption,"One concern with subsidies for low-carbon technologies is that they tend to go predominantly to high-income households.Previous research has shown, for example, that the top income quintile receives 60% of subsidies for rooftop solar and 90% of subsidies for electric vehicles.This paper finds that heat pumps are an important exception.Using newly available U.S. nationally representative data, the paper finds that there is remarkably little correlation between heat pump adoption and household income.Nationwide, 14% of U.S. households have a heat pump as their primary heating equipment, and adoption levels are essentially identical for all income levels ranging from the bottom of the income distribution (<$30,000 annually) to the top ($150,000+).Instead, the paper shows that heat pump adoption is strongly correlated with geography, climate, and electricity prices.",0,10.3386/w31344,https://openalex.org/W4380369433,2023,report,en,adoption,1,abstract__01_20,0,,,,
OA0006,The Use of Heat Pump Systems for Heat Supply to Consumers,,1,10.1007/978-3-031-11051-1_40,https://openalex.org/W4309195914,2022,conference-paper,en,consumer,1,title_only__01_20,0,,,,
OA0012,The Economic Determinants of Heat Pump Adoption,"One concern with subsidies for low-carbon technologies is that they tend to go predominantly to high-income households. Previous research has shown, for example, that the top income quintile receives 60% of subsidies for rooftop solar and 90% of subsidies for electric vehicles. This paper finds that heat pumps are an important exception. Using newly available US nationally representative data, the paper finds that there is remarkably little correlation between heat pump adoption and household income. Nationwide, 14% of US households have a heat pump as their primary heating equipment, and adoption levels are essentially identical for all income levels ranging from the bottom of the income distribution (<$30,000 annually) to the top ($150,000+). Instead, the paper shows that heat pump adoption is strongly correlated with geography, climate, and electricity prices.",0,10.1086/727881,https://openalex.org/W4391423325,2024,article,en,adoption,2,abstract__01_20,0,,,,
OA0013,Agent-Based Modelling Approach to Explore Efficacy of Policies for Heat Pump Uptake,,1,10.2139/ssrn.5292477,https://openalex.org/W4411257402,2025,preprint,en,uptake,3,title_only__01_20,0,,,,
OA0040,Quantifying the impact of hybrid heat pump uptake in a flexibly operated UK urban low-voltage distribution network,,1,10.2139/ssrn.6992583,https://openalex.org/W7165744080,2026,preprint,,uptake,7,title_only__01_20,1,,,,
OA0041,Will domestic consumers take up the renewable heat incentive? An analysis of the barriers to heat pump adoption using agent-based modelling,,1,10.1016/j.enpol.2015.05.008,https://openalex.org/W220005530,2015,article,en,adoption;barrier;consumer;uptake,7,title_only__01_20,1,,,,
OA0042,Consumers’ Preferences for Heat Pumps: A Choice Experiment Approach,"The 24th Annual Conference of the European Association of Environmental and Resource Economists, Manchester, United Kingdom, 26-29 June 2019",0,,https://openalex.org/W7126333200,2019,conference-paper,en,consumer,8,abstract__01_20,1,,,,
OA0043,Contractor Training and Heat Pump Adoption,,1,10.1257/rct.18831,https://openalex.org/W7164844959,2026,dataset,,adoption,8,title_only__01_20,0,,,,
OA0044,Heat Pump Control in Urban Buildings: Methods and Deployment Barriers,"Purpose Heat pumps are central to the decarbonisation of urban building stock, yet their real-world performance in European cities often falls short of nominal efficiency. A major limitation is often not the heat-pump unit itself, but system-level control and integration, including supervisory control, hydraulic integration, commissioning quality, and adaptation to user behaviour, weather conditions, and grid signals. This review examines why advanced controls that perform well in laboratories and simulations have not translated into widespread urban deployment. Methodology This paper reviews 34 peer-reviewed publications, one preprint, and seven authoritative technical, market, and regulatory sources published between 2012 and 2026. The review covers classical control, model predictive control, reinforcement learning, physics-informed and data-driven hybrid methods, smart-grid flexibility schemes, and hardware trends shaping heat-pump integration in existing urban buildings. Sources were grouped by methodological family and application context, with particular attention to experimentally validated and field-deployed studies. Main findings Across the reviewed advanced control approaches, the gap between laboratory performance and practical deployment is mainly driven by four recurring barriers: (i) the cost of building-specific model identification, which scales poorly across the hydraulic and architectural diversity of urban housing stock; (ii) safety and fallback requirements that learning-based controllers cannot yet reliably satisfy in occupied dwellings; (iii) limited generalisation across installations; and (iv) data inefficiency, which conflicts with the slow seasonal dynamics of real heating systems. Emerging hydraulic and sensing technologies address some physical preconditions but are not yet systematically combined with adaptive control. Recommendations Overcoming these barriers requires progress in five connected areas: (i) standardised benchmarking and field validation, (ii) scalable modelling and transfer learning, (iii) safe and data-efficient control with reliable fallback, (iv) hydraulic-control co-design, and (v) smart-grid integration and economic evaluation. Together, these measures can help move advanced heat-pump control from laboratory studies to wider deployment in urban buildings.",0,10.82491/opusthd-521,https://openalex.org/W7214582343,2026,conference-paper,en,barrier,8,abstract__01_20,1,,,,
OA0045,How Heat Pumps Can Bring Relief to Households,"An estimated 230,000 low-income households in Los Angeles lack access to cooling and are projected to experience more than two months of dangerous indoor temperatures (above 86 F) by 2035. Multifamily building residents are at much higher risk of dangerous heat exposure. Through robust modeling and analysis in the LA100 Equity Strategies project, the National Renewable Energy Laboratory (NREL) identified strategies that could save lives and maintain safe home temperatures for low-income households during heat waves, including the installation of whole-home heat pumps.",0,,https://openalex.org/W4402119010,2024,article,en,household,8,abstract__01_20,1,,,,
OA0046,Model Predictive Control Applied to Ground Source Heat Pumps,"Building heating is one of the most important sources of energy consumption. GroundSource Heat Pumps (GSHP) are efficient heating systems, particularly popular in the Nordiccountries. However, the GSHPs available for the consumer market today typically only utilizebasic control schemes that are relatively inflexible. More advanced strategies such as ModelPredictive Control (MPC) appear as a promising approach to improve comfort while reducingconsumption. The present thesis considers a typical user case of a single family house heatedby a ground source heat pump willing to reduce its environmental impact. We design a MPCcontroller to be used on top of the existing heat pump system and with almost no additionalhardware needed. Specific attention is dedicated to the system’s efficiency in order to reflectthe real working performances of a ground source heat pump. The controller is evaluated insimulation on different scenarios using an identified model of a single family house. The resultsshow the MPC strategy becomes most beneficial when including time varying prices or reducedcomfort during certain hours of the day. When both are conjugated the economic savings areup to 8% despite the loss of efficiency of the heat pump. The controller was implemented andtested on a real system with promising results.",0,10.13140/rg.2.2.10363.36644,https://openalex.org/W2981820887,2018,dissertation,en,willingness,8,abstract__01_20,1,,,,
OA0047,Understanding energy cultures of space heating in Aotearoa New Zealand: a desktop review of slow ground source heat pump uptake,"ABSTRACT This paper examines the slow adoption of geothermal Ground Source Heat Pump (GSHP) technology in New Zealand amid the urgent need for sustainable energy solutions in the face of the climate crisis. Internationally, GSHPs offer many environmental, social and economic benefits across residential and commercial sectors. However, despite the global installation of approximately 6.5 million GSHP units, New Zealand has seen limited implementation, with 130 known installations. Using the Energy Cultures Framework, this paper conducts a scoping literature review to analyse the dominant socio‐economic barriers to GSHP uptake including energy hardship, prioritisation of immediate savings over long‐term cost‐saving benefits, low public awareness and financial risk aversion towards new sustainable energy solutions. This paper recommends further industry engagement and primary research to understand New Zealand's heating norms and attitudes towards GSHPs. Additionally, this paper advocates for future cost–benefit analysis to evaluate GSHP's potential contributions to decarbonisation objectives, alleviating electricity system pressures, and mitigating energy hardship. Such future analysis may serve as a catalyst for stimulating future uptake of GSHP technology.",0,10.1080/1177083x.2024.2445828,https://openalex.org/W4406591424,2025,article,en,uptake,8,abstract__01_20,1,,,,
OA0048,Accelerating Residential Heat Pump Adoption,,1,10.1257/rct.18406-1.0,https://openalex.org/W7159985109,2026,dataset,,adoption,9,title_only__01_20,1,,,,
OA0049,Consumers or users? The impact of user learning about smart hybrid heat pumps on policy trajectories for heat decarbonisation,,1,10.1016/j.enpol.2020.112006,https://openalex.org/W3096974163,2020,article,en,consumer;uptake,9,title_only__01_20,1,,,,
OA0050,Experimental evidence on heat pump and retrofit subsidies,,1,10.2139/ssrn.7560485,https://openalex.org/W7219677273,2026,preprint,,barrier;uptake;willingness,9,title_only__01_20,1,,,,
OA0051,Factors influencing the uptake of heat pump technology by the UK domestic sector,,1,10.1016/j.renene.2009.10.001,https://openalex.org/W2075076383,2009,article,en,consumer;uptake,9,title_only__01_20,1,,,,
OA0052,Heat Pump Control in Urban Buildings: Methods and Deployment Barriers,"Purpose: Heat pumps are central to the decarbonisation of urban building stock, yet their real-world performance in European cities often falls short of nominal efficiency. A major limitation is often not the heat-pump unit itself, but system-level control and integration, including supervisory control, hydraulic integration, commissioning quality, and adaptation to user behaviour, weather conditions, and grid signals. This review examines why advanced controls that perform well in laboratories and simulations have not translated into widespread urban deployment. Methodology: This paper reviews 34 peer-reviewed publications, one preprint, and seven authoritative technical, market, and regulatory sources published between 2012 and 2026. The review covers classical control, model predictive control, reinforcement learning, physics-informed and data-driven hybrid methods, smart-grid flexibility schemes, and hardware trends shaping heat-pump integration in existing urban buildings. Sources were grouped by methodological family and application context, with particular attention to experimentally validated and field-deployed studies. Main findings: Across the reviewed advanced control approaches, the gap between laboratory performance and practical deployment is mainly driven by four recurring barriers: (i) the cost of building-specific model identification, which scales poorly across the hydraulic and architectural diversity of urban housing stock; (ii) safety and fallback requirements that learning-based controllers cannot yet reliably satisfy in occupied dwellings; (iii) limited generalisation across installations; and (iv) data inefficiency, which conflicts with the slow seasonal dynamics of real heating systems. Emerging hydraulic and sensing technologies address some physical preconditions but are not yet systematically combined with adaptive control. Recommendations: Overcoming these barriers requires progress in five connected areas: (i) standardised benchmarking and field validation, (ii) scalable modelling and transfer learning, (iii) safe and data-efficient control with reliable fallback, (iv) hydraulic-control co-design, and (v) smart-grid integration and economic evaluation. Together, these measures can help move advanced heat-pump control from laboratory studies to wider deployment in urban buildings.",0,10.5281/zenodo.22215880,https://openalex.org/W7204831589,2026,conference-paper,,barrier,9,abstract__01_20,1,,,,
OA0053,Thermodynamic analysis and experimental investigation of a CO2 household heat pump dryer,,1,10.1016/j.ijrefrig.2010.12.012,https://openalex.org/W1967354045,2010,article,en,household,9,title_only__01_20,1,,,,
OA0054,Accelerating Residential Heat Pump Adoption,,1,10.1257/rct.18406,https://openalex.org/W7159931910,2026,dataset,,adoption,10,title_only__01_20,1,,,,
OA0055,Evaluating carbon emissions reduction due to the uptake of heat pumps,"Air source heat pumps are one of the most promising solutions for decarbonising domestic heating in the UK. However, the extent of their decarbonisation potential is dependent on a number of factors. This study aims to explore the greenhouse gas reduction capabilities of a heat pump uptake, in the houses currently using gas boilers for specific local authorities. Three different regions in England and Wales were chosen for this study: South Wales, North East England and South England. Furthermore, within each of these regions, at least one predominantly urban local authority was selected. This is to account for the difference in housing characteristics such as floor area. Therefore, local authorities selected were Powys, Cardiff, Vale of Glamorgan, Newcastle upon Tyne, Northumberland, Reading West Berkshire.In this study, three different house models, including terraced, semi-detached and detached were created within each local authority for calculating heat demand and% reduction in carbon emissions. The annual heating demand for each local authority was then estimated using modelling techniques, alongside temporal, housing and heat flow data. For households with natural gas boilers, the annual greenhouse gas emissions were calculated using typical boiler efficiency (84%). For households with heat pumps, the annual carbon emissions were computed using regional carbon intensity data.The heating load for the year 2022 (in GWh) for local authorities was calculated as 210 for West Berkshire, 180 for Reading, 680 for Northumberland, 410 for Newcastle, 170 for Powys, 230 for Vale of Glamorgan, and 450 for Cardiff. Seasonal performance factor was observed in close range of 2.3 for all the local authorities in the same year. Finally, the carbon emissions reduction for replacement of 5% of boilers with heat pumps was noted to vary from 2.2 to 2.6% for all the local authorities.Furthermore, this study revealed that the Carbon Reduction of a local authority was linearly related to the overall heating demand in that local authority, which is an expected result. When considering the base model conditions, the biggest factors influencing the heating demand between different local authority were the number of houses, the split of houses (between detached, semi-detached and terraced) and the average outside temperature. The local authority which performed best on both metrics mentioned was Northumberland, which had many of the prior factors working in its favour. However, it was also determined that other strategies should be implemented to reduce heating demand, alongside the deployment of heat pumps, such as insulation or demand side reduction.The preliminary results for this work were obtained as part of the ‘Barocaloric materials for zero carbon heat pumps’ project funded by the Engineering and Physical Sciences Research Council (EP/V042262/1).",0,10.5194/egusphere-egu25-20257,https://openalex.org/W4408484153,2025,conference-abstract,en,uptake,10,abstract__01_20,1,,,,
OA0056,Heat Pump Control in Urban Buildings: Methods and Deployment Barriers,"Purpose: Heat pumps are central to the decarbonisation of urban building stock, yet their real-world performance in European cities often falls short of nominal efficiency. A major limitation is often not the heat-pump unit itself, but system-level control and integration, including supervisory control, hydraulic integration, commissioning quality, and adaptation to user behaviour, weather conditions, and grid signals. This review examines why advanced controls that perform well in laboratories and simulations have not translated into widespread urban deployment. Methodology: This paper reviews 34 peer-reviewed publications, one preprint, and seven authoritative technical, market, and regulatory sources published between 2012 and 2026. The review covers classical control, model predictive control, reinforcement learning, physics-informed and data-driven hybrid methods, smart-grid flexibility schemes, and hardware trends shaping heat-pump integration in existing urban buildings. Sources were grouped by methodological family and application context, with particular attention to experimentally validated and field-deployed studies. Main findings: Across the reviewed advanced control approaches, the gap between laboratory performance and practical deployment is mainly driven by four recurring barriers: (i) the cost of building-specific model identification, which scales poorly across the hydraulic and architectural diversity of urban housing stock; (ii) safety and fallback requirements that learning-based controllers cannot yet reliably satisfy in occupied dwellings; (iii) limited generalisation across installations; and (iv) data inefficiency, which conflicts with the slow seasonal dynamics of real heating systems. Emerging hydraulic and sensing technologies address some physical preconditions but are not yet systematically combined with adaptive control. Recommendations: Overcoming these barriers requires progress in five connected areas: (i) standardised benchmarking and field validation, (ii) scalable modelling and transfer learning, (iii) safe and data-efficient control with reliable fallback, (iv) hydraulic-control co-design, and (v) smart-grid integration and economic evaluation. Together, these measures can help move advanced heat-pump control from laboratory studies to wider deployment in urban buildings.",0,10.5281/zenodo.22215879,https://openalex.org/W7204759847,2026,conference-paper,,barrier,10,abstract__01_20,1,,,,
OA0057,Heat Pumps and Household Energy Consumption in Norway,,1,,https://openalex.org/W2550959487,2014,article,en,household,10,title_only__01_20,1,,,,
OA0058,Media Behaviour of Consumers in the Product Category of Air Conditioners and Heat Pumps.,"This master’s thesis explores the media behaviour of consumers within the product category of air conditioners and heat pumps. It examines how households use different media channels, which information sources they regard as credible and how these factors influence their decision-making processes. The theoretical framework is based on the Engel-Kollat-Blackwell model, the Uses and Gratifications theory and the VALS psychographic segmentation. The empirical part draws on a quantitative questionnaire survey conducted among residents of the Poděbrady region and the eastern part of Prague, using a quota sampling approach. The findings show clear differences in media preferences across age, income and educational groups. Younger households tend to rely on digital media, while older consumers prefer traditional channels. The credibility of information, including expert sources and user reviews, represents a decisive factor in the choice of specific technological solutions. The results offer guidance for designing more effective marketing communication strategies in the air conditioning and heat pump sector.",0,,https://openalex.org/W7135504724,2026,dissertation,cs,consumer,10,abstract__01_20,1,,,,
OA0059,The design of a residential water-to-water heat pump,"The residential heat pump is becoming more and more important as a means of heating and cooling homes. The American family is booming increasingly aware of year—round air conditioning in all its various aspects, not only for hosting and cooling the homo, but also for humidity control and air filtration. All those tasks may be accomplished with the installation of a single heat pump unit. Aside from the relatively new concept of cooling buildings during the summer, the heat pump has very distinct advantages when its use as a means of heating alone is considered. The heat pump uses electricity to heat. The individual can perceive immediate advantages in this aspect. The dirt and noxious gases of petroleum or coal combustion are eliminated. The fuel handling and combustion by-product removal equipment are no longer necessary. There is a significant reduction of fire hazard which should be reflected in lower fire insurance costs. The installation of a heat pump would be a distinct advantage architecturally because the heating unit no longer must be placed in a basement or large utility room adjacent to a chimney and fuel storage. In communities where smoke or smog conditions have become serious, extensive installation of electric heating apparatus would be most beneficial. Unless the consumer is willing to assign a monetary value to the afore-listed advantages of the heat pump, he will generally find that in areas where electricity costs over 1-1/2 cents per KWH, it is more expensive to operate than a conventional heating plant.(1O) This figure will of course vary with local fuel costs, heat loads, and heat pump coefficient of performance (COP). In recent years power companies have enthusiastically encouraged the widespread installation of electric heating apparatus, such as the heat pump, by attempting to make their operating costs competitive to other forms of heating. The reason for this encouragement may easily be detected by studying power consumption statistics. The influx of an increasing number of electrical appliances into the home has greatly increased the average power consumption in most areas. However this power consumption varies greatly with the time of day, being at a peak in the early evening, and at a relatively very low minimum in the early morning hours. The utility companies must install sufficient capacity to carry these peak loads, and therefore have machinery idle or operating below rated load and efficiency during the minimum consumption periods. To help offset this economically adverse condition, the power companies are in many areas willing to give rate discounts to consumers using electric heating, as the greatest capacity demands are placed on these units during the minimum power consumption hours. Owners of heat pumps may receive power rate discounts generally in one of two ways, either by a reduced cost per KWH over a certain number, or by the installation of a power meter in which time is integrated with the rate of flow of power, giving a separate or a numerically reduced reading during the off peak hours. The former method is in more widespread use today, however the latter method, although more involved and costly, seems to be more in line with power company objectives. The author has been commissioned as consultant to the architect to design a heat pump system for a proposed residence for Brig. General C. H. Shuey, U.S.H.C. (Ret.). This home is to be built on Sinnepuxant Bay, Maryland. The architect has specified heating is to be accomplished by means of a radiant floor panel. This requirement together with the proximity of a boundless supply of water to use as the heat pump sink and heat source, suggests the use of a water-to—water heat pump system. As a radiant floor panel cannot be used to cool, auxiliary air refrigerating apparatus will have to be installed. The objects of this thesis will be to compute the heating and cooling requirements for the building; to design the radiant floor panels and auxiliary cooling apparatus; and to design the water-to-water heat pump and its associated equipment.",0,,https://openalex.org/W3173582305,1956,dissertation,en,consumer;willingness,10,abstract__01_20,1,,,,
OA0060,Flexibility quantification and pricing of household heat pump and combined heat and power unit,"Stability of the electricity grid is highly dependent on the grid frequency which is presently controlled by applying balancing power from large power plants and pumped-storage facilities. Due to the increasing percentage of renewable energy, the capacity of available balancing power becomes insufficient and an alternative needs to be proposed. In the recent years, there has been a growing interest shown to offer flexibility from the household facilities to solve the stability problems in the grid. However, there is still uncertainty in defining the flexibility offers and pricing for a flexibility market. To meet this research gap, this paper presents a novel approach to quantify the flexibility potential and calculate flexibility offers for heat pump and combined heat and power unit. The results are summarized in a unique format, which can be directly used for trading in the flexibility platform.",0,10.1109/isgteurope.2019.8905594,https://openalex.org/W2991625375,2019,conference-paper,en,household,11,abstract__01_20,0,,,,
OA0061,Improving the Climate for Heat Pump Adoption in the UK,,1,10.2139/ssrn.4369257,https://openalex.org/W4321796508,2023,preprint,en,adoption,11,title_only__01_20,0,,,,
OA0062,Optimizing control of two-stage ammonia heat pump for fast regulation of power uptake,,1,10.1016/j.apenergy.2020.115126,https://openalex.org/W3030971762,2020,article,en,uptake,11,title_only__01_20,0,,,,
OA0063,Overcoming barriers to heat pump adoption among able-to-pay households,"One of the major challenges in getting to a NetZero society by the year 2050 is the decarbonization of domestic heat. One avenue of decarbonization of domestic heat is the householders’ transition from gas boilers to heat pumps. However, at present, it seems the process of heat pump adoption has stalled in the UK and other Western economies. This study aims to identify the drivers and obstacles that the able-to-pay residents in one specific locality face as part of their road to transitioning towards heat pumps. For this, data was collected through a questionnaire and a focus groups study with the able-to-pay community. Findings from this study show that these residents experience significant barriers in accessing relevant technical and “common sense” information about the transition to heat pumps, its financing, maturity of the technology, and more. These challenges could be addressed through a set of outlined policy changes and recommendations (e.g., regarding the creation of value, provision of information and increasing trust in retrofitting practices for able-to-pay residents).",0,10.1016/j.enpol.2025.114660,https://openalex.org/W4411256262,2025,article,en,adoption;barrier;household,11,abstract__01_20,0,,,,
OA0064,The landscape of heat pump adoption in Canada: a market segments approach,"Heat pumps are an important technology for reducing residential building emissions, however their adoption rate in North America is far below what is needed to meet emission reduction targets. This paper uses a representative web-based survey of Canadian homeowners (n = 3,804) to identify and describe characteristic and attitudinal trends of three market segments of Canadian homeowners: Pioneers (heat pump owners), Potential Early Mainstream buyers (homeowners currently willing to purchase a heat pump), and Late Mainstream buyers (homeowners currently unwilling to purchase a heat pump). We find that personal capability, contextual and attitudinal factors are significant determinants of market segments. For example, being younger, more educated and wealthier is positively associated with market segmentation in Canada. A novel finding is that voting and living in rural areas is strongly associated with willingness to install a heat pump. The Atlantic Provinces, Quebec and British Columbia are all more likely than Ontario and Alberta to adopt heat pumps while the Prairies are less likely. This is true even after controlling for personal capability, contextual and attitudinal variables. We find an important role for contextual variables in explaining the geographical distribution of heat pump market segments.",0,10.3389/fenef.2024.1376070,https://openalex.org/W4394618141,2024,article,en,adoption;willingness,11,abstract__01_20,0,,,,
OA0065,Accelerating renewable heat: Overcoming barriers to shared-loop ground source heat pump systems in the United Kingdom,"Heat decarbonisation is needed rapidly and at scale to reach net-zero carbon emissions by 2050. Shared-loop ground source heat pumps (GSHPs) are an under-researched technology with potential to deliver clean heat at scale. These involve the installation of connected GSHPs for a group of homes, a whole street or apartment building, with shared use of deep boreholes, coupled with individual heat pumps installed in each property. However, a range of socioeconomic, political and technical barriers inhibit their mass deployment and there is a research gap surrounding potential policy, governance and financial support mechanisms to help overcome these. This study investigates the advantages and challenges associated with this technology, and reviews measures which could accelerate uptake. Analysis draws on 58 interviews with policymakers, industry stakeholders, users and non-users in the UK. Advantages include neighbourhood scale-deployment, with the potential to decommission local gas grids. Compared with air-source heat pumps, shared-loop GSHPs are more compact, less noisy, and more efficient, with lower running costs. However, they share many barriers associated with all heat pumps, and have higher up-front costs. A range of policy options are discussed which address the need for investor confidence, skills and training, information provision, and other incentives. Overall, carefully designed policy and financial support mechanisms could accelerate mass deployment of shared-loop GSHP technology, helping to reduce reliance on fossil fuels, boost energy security and reduce carbon emissions.",0,10.1016/j.erss.2024.103644,https://openalex.org/W4400057559,2024,article,en,barrier;uptake,12,abstract__01_20,0,,,,
OA0066,Composite salt in MIL-101(Cr) with high water uptake and fast adsorption kinetics for adsorption heat pumps,,1,10.1016/j.micromeso.2019.05.039,https://openalex.org/W2945183985,2019,article,en,uptake,12,title_only__01_20,0,,,,
OA0067,Ground water heat pumps: a general survey for the potential consumer,"This paper describes ground water heat pumps covering design, performance and alternative methods of use. Methods of water discharge are shown and discussed. Economic comparisons are made to other heat systems and recommendations given.",0,,https://openalex.org/W2505795961,1983,dissertation,en,consumer,12,abstract__01_20,0,,,,
OA0068,High Temperature Household Heat Pump Water Heater,,1,10.1016/b978-0-08-040193-5.50074-2,https://openalex.org/W197233378,1990,book-chapter,en,household,12,title_only__01_20,0,,,,
OA0069,Increasing the value of household appliances by adding a heat pump system,"Historically, domestic tasks such as preparing food and washing and drying clothes and dishes were done by hand. In a modern home many of these chores are taken care of by machines such as washing machines, dishwashers and tumble dryers. When the first such machines came on the market customers were happy that they worked at all! Today, the costs of electricity and customers’ environmental awareness are high, so features such as low electricity, water and detergent use strongly influence which household machine the customer will buy. One way to achieve lower electricity usage for the tumble dryer and the dishwasher is to add a heat pump system. The function of a heat pump system is to extract heat from a lower temperature source (heat source) and reject it to a higher temperature sink (heat sink) at a higher temperature level. Heat pump systems have been used for a long time in refrigerators and freezers, and that industry has driven the development of small, high quality, low price heat pump components. The low price of good quality heat pump components, along with an increased willingness to pay extra for lower electricity usage and environmental impact, make it possible to introduce heat pump systems in other household products. However, there is a high risk of failure with new features. A number of household manufacturers no longer exist because they introduced poorly implemented new features, which resulted in low quality and product performance. A manufacturer must predict whether the future value of a feature is high enough for the customer chain to pay for it. The challenge for the manufacturer is to develop and produce a high-performance heat pump feature in a household product with high quality, predict future willingness to pay for it, and launch it at the right moment in order to succeed. Tumble dryers with heat pump systems have been on the market since 2000. Paper I reports on the development of a transient simulation model of a commercial heat pump tumble dryer. The measured and simulated results were compared with good similarity. The influence of the size of the compressor and the condenser was investigated using the validated simulation model. The results from the simulation model show that increasing the cylinder volume of the compressor by 50% decreases the drying time by 14% without using more electricity. Paper II is a concept study of adding a heat pump system to a dishwasher in order to decrease the total electricity usage. The dishwasher, dishware and water are heated by the condenser, and the evaporator absorbs the heat from a water tank. The majority of the heat transfer to the evaporator occurs when ice is generated in the water tank. An experimental setup and a transient simulation model of a heat pump dishwasher were developed. The simulation results show a 24% reduction in electricity use compared to a conventional dishwasher heated with an electric element. The simulation model was based on an experimental setup that was not optimised. During the study it became apparent that it is possible to decrease electricity usage even more with the next experimental setup.",0,,https://openalex.org/W88553119,2014,dissertation,en,household;willingness,12,abstract__01_20,0,,,,
OA0100,"Accelerating market uptake of heat pump systems: Challenges, visions and steps for change – Results from a stakeholder process in four European countries","Electrification of heating via heat pumps is one important step to improve the building sector and to achieve the European Commission’s 2030 target of a 40% share of renewables in the energy mix. While the use of heat pumps increased steadily in most European countries, the market share of heat pumps still varies strongly between market segments and countries. According to EurObserv’ER 2018, heat pumps are well established in new constructions. In the renovation market with multi-family buildings, the share of heat pumps is much lower, reaching only around 10% in Germany, Austria and France (EurObserv’ER 2018). The contribution will present results from a stakeholder process, which was carried out to better understand the conditions of market uptake of innovative heat pump systems in different European countries. The analysis was carried out as part of a Horizon 2020 funded research project on trigeneration systems based on heat pumps (https://www.tri-hp.eu/). The objective was to investigate key social and contextual factors that influence the social and market acceptance of renewable heating and cooling systems. The analysis included a literature review and in-depth interviews with change actors in the heat pump markets in Germany, Switzerland, Spain and Norway. Among others, the perspective of heat pump manufacturers, HVAC planners, installers and building owners were taken into account. As a result, we could identify important barriers, drivers and incentives for the adoption of heat pump systems in general and innovative trigeneration heat pumps systems. Besides economic factors, such as high upfront costs, issues of practical implementation and feasibility emerged as important topics. Organisational factors, such as the cooperation between different trades on the construction site, or country specific heating cultures also turned out to be important issues. In the contribution, we will link these findings to the outcomes of a series of workshops, in which steps to actions were discussed with key stakeholders on a national and European level.",0,10.5281/zenodo.7896490,https://openalex.org/W4367859863,2022,conference-paper,en,uptake,18,abstract__01_20,0,,,,
OA0101,Characterizing air source heat pump market segments: A Canadian case study,"Electric air source heat pumps (ASHPs) appear to be a key technology for decarbonizing space heating in existing residential buildings, yet their current market share in much of North America remains low. To explore how the potential future ASHP market may differ from the present one, we use a subset of data from the Canadian Home Heating Survey (n = 461) to provide a comprehensive characterization of three market segments of British Columbian homeowners: Pioneers (heat pump owners), Potential Early Mainstream buyers (homeowners currently willing to purchase an ASHP), and Late Mainstream buyers (homeowners currently unwilling to purchase an ASHP). We assess variable associations with market segments according to the Attitude-Behavior-Context theory, which posits that pro-environmental behavior is shaped by attitudinal, contextual, and socio-demographic factors. We also compare how market segmentation changes before and after respondents receive technical information on different home heating systems. Relative to Pioneers and the Potential Early Mainstream (PEM), we find that the Late Mainstream (LM) are generally lower income, lower educated, less environmentally- and technologically-oriented in their lifestyles, less open to change, less familiar with heat pumps and home energy efficiency, more negative in their perceptions about heat pumps, and less aware and supportive of policies aimed at reducing residential emissions. We also find that after respondents read technical information about home heating systems, approximately 10% of heat pump non-owners shift from the LM to the PEM; however, within the PEM, there is little growth in high willingness to adopt.",0,10.3389/frsus.2022.983454,https://openalex.org/W4292409682,2022,article,en,willingness,18,abstract__01_20,0,,,,
OA0102,INCREASING THE EFFICIENCY OF GROUND-SOURCE HEAT PUMPS BASED ON CONSUMER OPERATING MODE DATA,"The introduction of renewable energy sources into the municipal heat power generation heat supply systems corresponds to modern policies of transition to ""green energy"" and decarbonization of both industry and various branches of power engineering. This study analyzes modern practices of heat pumps integration to autonomous heat supply systems with heat removal from the ground, identifying the main difficulties in geothermal heat pump systems implementation and operation. Based on the resulting analysis, a relevant direction of research on increasing the efficiency of autonomous heat supply systems based on geothermal heat pumps has been identified. To analyze the heat supply systems operation, a mathematical model has been selected that allows describing the processes of heat supply of various types of consumers with reference to the operation of a heat supply system based on geothermal heat pumps and heat accumulators. Experimental studies of the operation of a heat supply system based on a heat pump for the first heating season were conducted for a separate facility. Based on the data obtained, a generalization of the consumers’ operating modes depending on the 24-hourly period sector and ambient temperature has been carried out. The relevance of adjusting the operating modes of the heat pump installation was proven based on the experimental data obtained for the first period of system operation. The generalized data on the geothermal heat pumps operation allowed us to propose a solution to increase the heat supply system energy efficiency and the reliability of the heat generation system main elements. Mathematical modelling of the heat supply system operating modes in the facility based on geothermal heat pumps during the day was carried out, taking into account the available data on the main heat consumers’ operating mode. A pulsed mode of heat generation by heat pumps was proposed. Based on the obtained simulation results, a diagram of the heat supply system operation during the day was obtained. To equalize the operating modes of heat generators, the use of heat accumulators capable of reducing the heat pumps’ maximum calculated heat load during consumption peaks and ensuring the minimum needs of consumers during heat load declines was proposed.",0,10.15276/opu.1.71.2025.12,https://openalex.org/W4414017569,2025,article,en,consumer,18,abstract__01_20,0,,,,
OA0103,A review of domestic heat pumps,"Heat pumps are a promising technology for heating (and cooling) domestic buildings that provide exceptionally high efficiencies compared with fossil fuel combustion. There are in the region of a billion heat pumps in use world-wide, but despite their maturity they are a relatively new technology to many regions. This article gives an overview of the state-of-the-art technologies and the practical issues faced when installing and operating them. It focuses on the performance obtained in real-world operation, surveying the published efficiency figures for hundreds of air source and ground source heat pumps (ASHP and GSHP), and presenting a method to relate these to results from recent UK and German field trials. It also covers commercial aspects of the technologies, the typical savings in primary energy usage, carbon dioxide emissions abatement that can be realised, and wider implications of their uptake.",0,10.1039/c2ee22653g,https://openalex.org/W2052171425,2012,article,en,uptake,19,abstract__01_20,0,,,,
OA0104,Accelerating Heat Pump Adoption in Switzerland: An Agent-Based Policy Assessment,,1,10.2139/ssrn.5183936,https://openalex.org/W4408562217,2025,preprint,en,adoption;willingness,19,title_only__01_20,0,,,,
OA0105,Accelerating Industrial Heat Electrification in Europe: Barriers and Policy Recommendations to Heat Pump Adoption,,1,10.5281/zenodo.20664590,https://openalex.org/W7164523373,2026,conference-paper,,adoption;barrier,19,title_only__01_20,0,,,,
OA0106,Assessing consumer choice projections in energy system models: A heat pump case study,"Consumer adoption of heat pumps is a critical component of uncertainty in load growth forecasts, yet projections of heat pump adoption are rarely a focus of deeper investigation. This paper conducts a case study assessment of the structure, outputs, and performance of a model of U.S. residential heat pump adoption that has been used in multiple buildings sector potential studies and cross-sectoral energy system modeling exercises. The assessment includes model sensitivity testing based on a review of key factors in the heat pump adoption literature. Model projections across a range of scenarios show substantial regional variation in projected heat pump sales shares and sensitivity to input adjustments, with sales shares generally higher and less sensitive to input changes in warmer regions with high existing heat pump penetration, and generally lower and more sensitive in colder regions with a large installed base of fossil- and/or resistance-based heating equipment. Model benchmarking shows good agreement between estimated vs. reported heat pump sales and fuel switching shares in 2020 at the national level, but a tendency to underestimate heat pump sales shares vs. historical benchmarks at the state and regional levels. Key limitations are noted in the coverage and depth of existing historical equipment sales datasets, particularly at the state level. The analysis illustrates the current state of the art in projecting U.S. heat pump adoption and highlights key opportunities for improving confidence in heat pump projections within larger load growth forecasts and energy system modeling efforts.",0,10.1016/j.esr.2026.102334,https://openalex.org/W7203968950,2026,article,en,consumer,19,abstract__01_20,0,,,,
OA0107,Identification of air leakage in a household heat pump tumble dryer,"Leakage of air in tumble dryers is an important parameter regarding the energy efficiency of the drying process. In general, tumble dryers are prone to leakage, therefore further investigation and optimization in this field is of great interest. This study investigates and quantifies leakage of air within the closed-loop system of an in-situ household heat pump tumble dryer. Each potential leakage location was characterized by leakage curve obtained either by isolated or cumulative measurements using system pressurization method. Based on the static pressure distribution within the closed-loop system, the leakage outflow and inflow were quantified. The leakage of air at the rear and front drum seal was evaluated with and without drum movement. The results indicated the highest leakage outflow rate at the heat pump housing, which represents 12,6% of the total drying air flow rate within the closed-loop system. Sealing heat pump housing improved the condensation efficiency from B to A class according to the IEC 61121.",0,10.1080/07373937.2022.2073596,https://openalex.org/W4280584301,2022,article,en,household,19,abstract__01_20,0,,,,
OA0108,Consumer life-cycle cost impacts of energy-efficiency standards for residential-type central air conditioners and heat pumps,"In support of the federal government's efforts to raise the minimum energy-efficiency standards for residential-type central air conditioners and heat pumps, a consumer life-cycle cost (LCC) analysis was conducted to demonstrate the economic impacts on individual consumers from revisions to the standards. LCC is the consumer's cost of purchasing and installing an air conditioner or heat pump and operating the unit over its lifetime. The LCC analysis is conducted on a nationally representative sample of air conditioner and heat pump consumers resulting in a distribution of LCC impacts showing the percentage of consumers that are either benefiting or being burdened by increased standards. Relative to the existing minimum efficiency standard of 10 SEER, the results show that a majority of split system air conditioner and heat pump consumers will either benefit or be insignificantly impacted by increased efficiency standards of up to 13 SEER.",0,,https://openalex.org/W1547885813,2001,article,en,consumer,20,abstract__01_20,1,,,,
OA0109,Economic MPC for a Flemish household with PV and a heat pump,"The energy consumption of the building sector accounts for 40% of the global use, most ofwhich are employed for Heating, Ventilation, and Air-Conditioning, together with WaterHeating. In 2016, the...",0,,https://openalex.org/W2955505521,2019,article,en,household,20,abstract__01_20,1,,,,
OA0110,"Preferences of homeowners for heat-pump leasing: Evidence from a choice experiment in France, Germany, and Switzerland","While heat pumps are a promising solution for decarbonizing residential buildings, financial barriers often hinder their diffusion. Asset leasing – whereby service providers lease equipment and provide services in exchange for monthly payments – could help overcome some of the barriers to adoption. This study investigates homeowners' preferences for heat-pump leasing, examines their inclination to lease or purchase, and quantifies their willingness to pay for different services. Empirical insights are drawn from a discrete choice experiment conducted with 915 single-family house owners who undertook 9150 hypothetical leasing decisions in France, Germany, and Switzerland. Survey results show an interest in flexible, all-inclusive leasing offerings, especially in markets where heat pumps are at an early stage of diffusion. However, preferences for asset leasing differ between countries. German house owners are the most open to leasing and would on average be willing to pay up to three times more than their French counterparts to shield themselves against technical risk. Given the role asset leasing could play in decarbonizing residential heat and enhancing energy security, policy makers may wish to adapt policy incentives to account for these service-based offerings.",0,10.1016/j.enpol.2023.113779,https://openalex.org/W4386267006,2023,article,en,willingness,20,abstract__01_20,0,,,,
OA0111,Retracted: Application of Nanocomposites with Thermal Barrier Coating in Heat Pump Heat Transfer Systems,,1,10.1155/2023/9796209,https://openalex.org/W4390401160,2023,article,en,barrier,20,title_only__01_20,0,,,,
OA0112,The addition of heat pump electricity load profiles to GB electricity demand: Evidence from a heat pump field trial,"Previous studies on the effect of mass uptake of heat pumps on the capability of local or national electricity grids have relied on modelling or small datasets to create the aggregated heat pump load profile. This article uses the UK Renewable Heat Premium Payment dataset, which records the electricity consumption of nearly 700 domestic heat pump installations every 2 minutes, to create an aggregated load profile using an order of magnitude more sites than previously available. The aggregated profile is presented on cold and medium winter weekdays and weekends and is shown to contain two peaks per day, dropping overnight to around 40% of its peak. After Diversity Maximum Demand (ADMD) for the population of heat pumps is calculated as 1.7 kW per site; this occurs in the morning, whereas the peak national grid demand occurs in the evening. Analysis is carried out on how heat pump ADMD varies with number of heat pumps in the sample. A simple upscaling exercise is presented to give a first order approximation of the increase in GB peak electricity demand with mass deployment of heat pumps. It is found that peak grid demand increases by 7.5 GW (14%) with 20% of households using heat pumps. The effect of the same heat pump uptake on grid ramp rate is also discussed; this effect is found to be minor. Finally, a comparison of heat pump and gas boiler operation is given, discussing day and night time operation and mean and peak power at different external temperatures.",0,10.1016/j.apenergy.2017.07.026,https://openalex.org/W2739454010,2017,article,en,uptake,20,abstract__01_20,0,,,,
OA0160,Study on biomass derived activated carbons for adsorptive heat pump application,,1,10.1016/j.ijheatmasstransfer.2017.02.081,https://openalex.org/W2604719497,2017,article,en,uptake,29,title_only__21_50,0,,,,
OA0161,The influence of an increase in electricity tariffs on the viability of heat pumps against direct heating for large consumers of hot water in South Africa,,1,10.1016/0140-9883(91)90002-h,https://openalex.org/W2007315520,1991,article,en,consumer,29,title_only__21_50,0,,,,
OA0164,Discrete Control Barrier Function Design for Constrained Heat Pump Control Using Local Linear Models,"Heat pumps play a key role in decarbonized energy systems due to their fully electric operation. Ensuring safe and efficient performance requires compliance with internal constraints, and future grid conditions may additionally impose power consumption limits. This paper proposes a control approach based on Discrete Control Barrier Functions (DCBFs) to enforce such constraints within an existing heat pump control structure. The DCBF is designed using a Local Linear Model Network (LLMN) trained via the Local Linear Model Tree (LOLIMOT) algorithm. A robust observer for a linear parameter-varying representation of the LLMN provides state estimates for the DCBF, whereby robust stability is ensured by the use of linear matrix inequalities (LMIs). The method is validated in a closed-loop simulation using a dynamic model of the refrigerant circuit.",0,10.1109/systol66549.2025.11267370,https://openalex.org/W4416961921,2025,conference-paper,,barrier,30,abstract__21_50,0,,,,
OA0165,Opportunities for heat pumps adoption in existing buildings: real-data analysis and numerical simulation,"The space heating of buildings represents one of the most important causes of energy consumption in Europe. The necessity to increase the share of renewable energy within the sector is hindered by the difficulty to renew and refurbish the existing building stock. In this context, heat pumps can have an important role in helping increase the renewable share of thermal energy production for the civil sector, in particular in those countries in which the electricity generation mix has large contributions from renewable energy sources. The paper presents a real-data analysis and a numerical simulation to evaluate the opportunity to substitute traditional heat generation systems (natural gas boilers) with air-source heat pumps or hybrid solutions. Three buildings located in Turin (Italy) are taken as case-study, and the hourly profiles of outdoor temperature, water supply temperature and absorbed thermal power are used to simulate four heat generation scenarios, that are compared in terms of primary energy consumption. Results show that (1) the substitution of the traditional natural gas boiler with a heat pump (with backup electric resistance) is always favorable (18% to 32% of primary energy reduction); (2) the influence of water supply temperature of each building on the overall primary energy saving is very high; (3) the adoption of a hybrid system (heat pump and natural gas boiler working alternatively) provides advantages in terms of reduced primary energy consumption only if the required supply water temperature is high. Further studies will investigate the economic aspects and will introduce comparisons with condensation natural gas boilers.",0,10.1016/j.egypro.2017.09.608,https://openalex.org/W2767027444,2017,conference-paper,en,adoption,30,abstract__21_50,0,,,,
OA0166,Potential evaluation of integrated high temperature heat pumps: A review of recent advances,"Industrial and high temperature pumps are a well-established, sustainable, and low-emission technology for processing temperatures below 100 °C, especially when driven by renewable energy. The next frontier in heat pumping is to enhance the economic working envelope to serve the 100–200 °C range, where an estimated 27% of industrial process heat demand is required. High temperature heat pumps (HTHP) are an effective technology for delivering heat and recovering waste heat from various industrial processes, hence reducing primary energy consumption and the resulting CO2 emissions. The integration of high temperature heat pumps into different industrial process networks provides significant environmental and performance improvements,an innovative and profitable solution for different decarbonizing sectors. Higher temperature heat pumps offer significant potential to enhance thermally demanding industrial processes due to their high temperature lift capability. This review looks at how future improvements in HTHP technology can take use of breakthroughs in high-temperature heat pump research to address important technical obstacles. This review primarily consolidates data from HTHPs integrated with various industrial processes applications such as thermal energy storage, low-grade waste heat recovery, membrane fuel cell, organic Rankine cycle, super-critical water desalination, co-generation and poly-generation, vapor injection, steam injected gas turbine, and solar absorption system. However, the widespread diffusion of HP technologies faces several challenges, including technological (limitation of the electrical network due to intensive electrification of the heating sector), economic (high investment and installation cost), regulatory (lack of standards and mandatory policies), policy (uncertainty in policy and lack of clear heat decarbonization pathways and technology uptake), and public acceptance issues (unwarranted fear, misperception, misinformation, and previous experiences on the reliability of heat pumps) are highlighted.",0,10.1016/j.applthermaleng.2023.120720,https://openalex.org/W4375844682,2023,article,en,uptake,30,abstract__21_50,0,,,,
OA0167,Factors affecting willingness to adopt and willingness to pay for a residential hybrid system that provides heating/cooling and domestic hot water,"The present study examines, through a behavioral survey, the self-reported intentions of consumers in Greece, Portugal and Spain, in relation to a residential hybrid system that offers heating/cooling and domestic hot water (DHW); the system combines ground source heat pumps, solar thermal panels and thermal energy storage. A positive attitude concerning the adoption intention of the system has been recorded, while the results on Willingness to Pay (WTP) and acceptable payback period reveal that there is a potential market for the hybrid system in the three countries. The analysis indicates that consumers’ intentions are similar among the three countries, with the only statistical significant difference occurring between Spain and Portugal on the subject of WTP for the system. The socioeconomic factors that are identified to have an effect on consumers’ intentions in relation to the hybrid system are gender, income, educational level, occupation, past investments in thermal energy systems and percentage of income spent on household energy needs; the corresponding residence characteristics include location, building type, dwelling size, year of construction and existing system for space heating and DHW. The study’s findings can contribute to the broader understanding of consumers’ behavior concerning the adoption of residential heating/cooling and DHW systems.",0,10.1016/j.renene.2019.04.108,https://openalex.org/W2942062380,2019,article,en,willingness,31,abstract__21_50,0,,,,
OA0168,"Ground source heat pumps: Recent progress, applications, challenges, barriers, and role in achieving sustainable development goals based on bibliometric analysis","Ground source heat pumps (GSHPs) have shown great potential to replace conventional heating and cooling systems in many regions. They also have a significant contribution to the achievement of sustainable development goals (SDGs). This paper aims to investigate the advancements, applications, research trends related to GSHPs, and the challenges and barriers that face their development based on a bibliometric analysis. The results show that in recent years, a considerable growth in GSHP’s research has been recognized, with a focus on heating more than cooling, which is due to the fact that GSHP is more suitable for cold regions. The major part of the research done on GSHPs in relation to the SDGs focused on SDG 7, followed by SDG 13. This is mainly due to the direct relation between GSHPs and the environment. However, it was also found that GSHPs have a crucial contribution to the other SDGs, but there was insufficient work dedicated to investigating such relations. Based on the interpretation of the bibliometric analysis, it was deduced that most of the challenges and barriers to GSHPs are related to the capital cost, groundwater contamination, regulations, subsidies, and incentives.",0,10.1016/j.tsep.2023.101851,https://openalex.org/W4366526240,2023,article,en,barrier,31,abstract__21_50,0,,,,
OA0169,How will Heat Pumps affect Electricity Load Profiles for Buildings in Ireland? Empirical data used to model possible financial impacts facing consumers,"The current geopolitical situation is certainly challenging the colossal transition to Zero carbon Economy. In fact, in the coming years, the electricity sector will have to find new innovative ways to meet the ever increasing need for energy without the over reliance on fossil fuels and their country of origin. Over the next decade, oil and gas boilers will not be permitted in new buildings in Ireland, in line with the Irish Building Regulations, Technical Guidance Document L – Conservation of Fuel and Energy 2021. This is a major shift in traditional building services methodology and heat technology. In line with the European Union Green Deal, member states are developing and updating policies in an effort to foster this energy transition. The main areas of focus are the three pillars of energy and the associated carbon emissions; electricity, transport and heat. This paper aims to examine energy bills, electricity and gas, for a domestic family premises over a 24 month period. This data will allow the author to build a demand load profile model for the energy consumption and thus, forecast the transition to the electrification of building services. Today, the readily available solution on offer for industry are heat pumps (HP) which will allow the fuel source to move away from a carbon heavy source to a cleaner electricity source. This paradigm shift in thermal demand technology, to a decarbonised electricity source may place a large burden on the national electricity grid during peak demand times. Given the acute energy crisis being currently witnessed throughout Europe, this paper highlights the potential increased electricity bills that consumers might face while shifting to heat pumps. This paper’s main findings are that without Demand Side Management (DSM) tools and smart services, such as smart meters and Time-of-Use (ToU) tariffs, consumers could face increased winter energy bills in the region of 184%.",0,10.1109/upec55022.2022.9917891,https://openalex.org/W4312909158,2022,conference-paper,en,consumer,31,abstract__21_50,0,,,,
OA0170,Performance improvement of 5-kW household air-to-water heat pump,"Heat pump can take the advantage in higher performance than other technologies such as electric heater for producing hot water in household. In theoretical, the heat pump can transfer heat 3-4 times larger than the electric energy consumed which can identify the performance of heat pump in term of Coefficient of Performance (COP). However, the development of 5-kW household air-to-water heat pump with simple system design from previous work can achieve the COP only 2.37 following the standard testing of EN255-3 when the test condition was adapted for Thailand’s weather at the ambient temperature of 25 oC and 70% relative humidit. Nevertheless it still has some margin for improving the COP. Therefore, the objective of this study was to improve the performance of household air-to-water heat pump to meet the target of 10% COP increase. In this study, two improvement methods were proposed based on vapor compression system analysis and the realistic with the low investment approaches. Two methods of performance improvement were the increase of degree of subcooling at the condenser outlet by increasing the heating surface area of condensing coil, and the increase of evaporator pressure accompanied with decreasing in the degree of superheat at the evaporator outlet by changing expansion device from capillary tube to thermostatic expansion valve. The step improvement of heat pump performance, i.e. existing system, increasing the heating surface of condensing coil, using thermostatic expansion valve, and the combination of increasing the heating surface of condensing coil and changing thermostatic expansion valve, were confirmed by testing in the control room under the standard with the same condition. The results shown that the combination of both modifications can efficiently improve the COP of heat pump up to 2.64 or 11.38% higher than the existing system. In the viewpoint of the investment cost, the improvement of the full modification invested about 368 THB per 1% COP increase which was more attractive than the other such as changing the type of compressor.",0,,https://openalex.org/W7215301455,2018,article,en,household,31,abstract__21_50,0,,,,
OA0171,The impact of subsidies on projected heat pump adoption and residential heating emissions in Massachusetts,"Abstract Space heating is a significant contributor to residential building emissions, and many policies have leveraged subsidies for heat pumps as a step toward building electrification and broader decarbonization goals. Massachusetts (MA) aims to reduce residential heating emissions to 0.8 MtCO2eq per year by 2050, offering a $10 000 subsidy for whole home heat pumps. This study examines the impact of various state-level subsidy scenarios on adoption rates, emission reductions, and associated co-benefits in MA and the region. Using Global Land-use, Impact, and Policy Simulator Environment, a graphical interface for the integrated assessment model global change assessment model-USA, this study explores state-level scenarios including current and full subsidy rates, as well as forced adoption, to predict future emissions and heat pump use. Results show that under the current subsidy rates, 2050 residential heating emissions in MA would triple the state’s target. Even under the most aggressive scenario, heat pump adoption reached only 88% by 2050, with emission still 62% above the target. The emission impact and electricity demand on neighboring states was small, owing to programs like the Regional Greenhouse Gas Initiative and Renewable Portfolio Standard programs that limit emissions in the region. A public benefit-cost analysis found the highest cost-effectiveness ratio, 12.5, under a 100% subsidy scenario, with current subsidy rates returning a cost-effectiveness ratio of 6.7. These findings suggest that financial subsidies alone may not be sufficient and additional decarbonization strategies are needed to meet emission targets.",0,10.1088/2634-4505/adec19,https://openalex.org/W4412024837,2025,article,en,adoption,31,abstract__21_50,0,,,,
OA0172,Apply heat pump systems in commercial household products to reduce environmental impact : How to halve the electricity consumption for a household dishwasher,"In the household appliance industry, heat pump systems have been used for a long time in refrigerators and freezers to cool food, and the industry has driven the development of small, high-quality, low-price heat pump components. In the last few decades, heat pump systems have been introduced in other household appliances, with the express purpose of reducing electricity consumption. Heat pump tumble dryers have been on the market since 2000 and dominate the market today. A heat pump dishwasher was introduced on the market in 2014 and a heat pump washing machine in 2016. The purpose of adding a heat pump system in these three products was to decrease electricity consumption. Papers I and II used a methodology where transient simulation models were developed and used to increase knowledge about how to decrease electricity consumption for a tumble dryer and a dishwasher by adding a heat pump system. Papers II to V showed that a lower electricity consumption and lower global warming potential together with an energy-efficient drying method, where no humid air evacuates to the kitchen, give a heat pump dishwasher competitive advantages compared to any conventional dishwasher currently on the market. Using simulations, this dissertation concludes that a future commercial heat pump dishwasher, using R600a as a refrigerant, will reduce electricity consumption and total equivalent warming impact (TEWI) by 50% compared to the conventional dishwasher. The willingness from the customer chain to pay extra for this heat pump dishwasher is because of the decreases electricity consumption and the fact that no humid air evacuates to the kitchen. This willingness makes the heat pump dishwasher to a variant which have possibility to succeed on the future market. The challenge for the manufacturer is to develop and produce a high-quality heat pump dishwasher with low electricity consumption, predict future willingness to pay for it, and launch it on the market at the right moment with the right promotion in order to succeed.",0,,https://openalex.org/W2607743100,2017,dissertation,en,household;willingness,32,abstract__21_50,0,,,,
OA0173,Decarbonizing residential space heating with heat pumps in the United States,,1,10.1016/j.enpol.2025.114997,https://openalex.org/W4417180470,2025,article,en,barrier;uptake,32,title_only__21_50,0,,,,
OA0174,Experimental Analysis of Hydrocarbons as Drop-in Replacement in Household Heat Pump Tumble Dryers,"Mainly HFCs are nowadays used as refrigerants in commercial household heat pump tumble dryers; it is however crucial to look for long-term alternatives with low environmental impact. Hydrocarbons are considered a suitable alternative for this application. According to their characteristics and based on theoretical analysis, R290 and R441A were selected as substitutes of R407C in a commercial unit. While maintaining exactly the same components, the compressor was changed to comply with the required heating capacity and the expansion device was modulated to meet proper working conditions. Experimental results confirmed that R290 meets the reference energy performances; at the specific conditions, R441A underperforms R407C, due to increased compressor consumption. Technological focus on components is therefore important when refrigerant replacement takes place.",0,10.1016/j.egypro.2015.12.153,https://openalex.org/W2312333421,2015,conference-paper,en,household,32,abstract__21_50,0,,,,
OA0175,Financial & Environmental Impacts of Industrial High Temperature Heat Pump Adoption,"Industrial emissions are a sizable proportion of the greenhouse gas emissions globally as well as one of the most difficult sectors to decarbonize. The diversity of industrial processes, which includes agriculture, steel production, and pharmaceuticals, drives the difficulty in decarbonizing this sector. US industry is especially slow at adopting the low carbon technologies. Roughly half of US industrial emissions come from the generation of process heat. Therefore, researchers are exploring low emission process heat technologies. Process heat at temperatures up to 200°C can be met using high temperature heat pump (HTHP) technology currently in development. However, the costs and environmental impacts of new HTHP technology integration with existing facilities must be carefully weighed by operators and governments. If HTHP technologies prove too expensive to install and operate, industrial facilities will continue to use high emission technologies to meet their thermal demands. I seek to learn the limitations of HTHP technology in industrial settings-identifying the cost impact of integration, key areas of improvement, and their climate impacts. Using a spray drying case study, I consider how HTHP technology compares to status quo heating systems across a number of technoeconomic metrics. In order to compare these systems for plant operators, I examine the net present value (NPV) and levelized cost of heat (LCoH), and emissions abatement cost. I do this by modeling the costs for the new equipment, its operation, as well as auxiliary equipment which may be required to meet industrial demands. NPV analysis sums an equipment’s cash flows across it’s lifetime in order to determine the value added to a private company or business. Thereby revealing the areas that require improvement for HTHP technology to be competitive with status quo systems. I use LCOH to compare HTHP applications across a variety of heat loads. To evaluate environmental impacts, I use Global Warming Potential (GWP), power generation carbon intensity, and Social Cost of Carbon (SCOC) to produce a dollar value for the equivalent tCO2 emissions. I then fold the environmental impact cost into the NPV analysis. I also use this data to generate abatement costs for HTHP systems. Abatement costs divide the total carbon emissions saved by the cost to save them, providing a framework that can compare across a wide variety of emissions saving methodologies, which are used by companies when prioritizing strategies for reducing their greenhouse gas emissions. I map these metrics in the continental United States, providing geographic comparisons necessary for governmentsand businesses. To account for uncertainty about future natural gas and electricity prices and grid emissions, I expand the analysis to make use of capacity expansion and integrated assessment model data. Like the analysis using historic data, the magnitude of emissions abatement potential varies geographically, and although the low natural gas prices in North America are difficult to overcome, there are regions where HTHP systems can be competitive.",0,10.25394/pgs.33095495.v1,https://openalex.org/W7171728547,2026,dissertation,,adoption,32,abstract__21_50,0,,,,
OA0176,Household Decision-Making Dynamics Associated with the Adoption of High-Involvement Renewable Energy Technologies: A Case Study of Consumer Experiences in the Adoption of Residential Ground Source Heat Pump Systems in Rural Southwestern Ontario (Canada),"In the province of Ontario, 88 percent of residential energy demand is for space heating, cooling and water heating, accounting for 99 percent of the residential sector's greenhouse gas (GHG) emissions (data are for 2011 and are taken from Natural Resources Canada, 2014a). Amongst the current and viable residential renewable energy technologies (RETs), ground source heat pump (GSHP) systems offer the potential to meet a substantial share of these energy requirements, but current levels of adoption are minimal. Ontario's existing and planned rural housing stock that does not have access to natural gas and relies on oil, propane or electric-based systems for heating and cooling demands, offers an immediate opportunity to achieve large scale reductions in GHG emissions and reduce pressure on the existing electricity infrastructure, while simultaneously reducing home heating and cooling costs. \n \n\tThe purpose of this thesis is to describe and explain the factors that influence the residential adoption of GSHP systems in rural southwestern Ontario. To act on this purpose, 17 face-to-face interviews were conducted with householders that have retrofitted their house with a GSHP system in rural southwestern Ontario areas that do not have access to natural gas. This thesis utilizes Rogers' (2003) Innovation-Decision Process model as a theoretical framework to guide the collection of empirical data on household adoption experiences to achieve this research purpose. \n \n\tThe findings from this study indicate that the residential adoption of GSHP systems in rural southwestern is influenced by five determinants of adoption: (1) prior conditions; (2) characteristics of the decision-making unit; (3) perceived characteristics of the innovation; (4) change agent programs; and (5) communication channels; however, the influence of each determinant of adoption varied across households. Cost savings and the government grant(s) were the most significant drivers for adoption followed by factors related to sustainability and the GSHP system's ability to provide space cooling. The high initial capital cost of the system was identified as the most significant barrier to adoption. By developing a comprehensive understanding of the factors that influence the residential adoption of GSHP systems in rural southwestern Ontario, findings may contribute to a better design of policy instruments and marketing strategies aimed at stimulating the adoption of these systems in rural areas.",0,,https://openalex.org/W2247250361,2014,dissertation,en,consumer,32,abstract__21_50,0,,,,
OA0177,Model predictive control lowers barriers to adoption of heat-pump water heaters: A field study,,1,10.1016/j.enconman.2025.120723,https://openalex.org/W4415878454,2025,article,en,adoption;barrier,32,title_only__21_50,0,,,,
OA0178,Exploring private consumers’ willingness to adopt Smart Grid technology,"Abstract The goal of radically increasing the proportion of electricity generated from renewable sources puts the current electrical grid under pressure and one of the solutions is to turn the grid into a ‘Smart Grid’. One of the key elements of the Smart Grid is that electricity consumers make some of their consumption available as flexible capacity to balance the grid. Consumers’ flexible capacity is only available to the grid if the consumers adopt Smart Grid technology (SGT) that establishes the link between the electric system and the consumer. This technology is new to private consumers and using it involves behavioural changes. There is a need to get more insight into who are willing to adopt SGT and why. This study draws on innovation adoption theory as a framework for understanding consumer adoption of this new technology. We explore whether consumers who have already adopted other types of new energy technology, such as a geothermal heat pump, are more favourably disposed towards SGT than other consumers. Also, we explore how consumers who have signed up to let their heat pump be used as flexible capacity in a test trial differ from other heat pump owners, if at all. We used semi‐structured interviews with household members as well as a questionnaire to explore differences between three groups: households with (1) a heat pump with SGT (n = 11), (2) a heat pump‐only (n = 7), or (3) an oil‐fired boiler (n = 6). We find that the families in the three groups perceive the technology characteristics differently and those who have trial experience with SGT are most in favour of the technology.",0,10.1111/ijcs.12201,https://openalex.org/W1995828092,2015,article,en,willingness,33,abstract__21_50,0,,,,
OA0179,Financial & Environmental Impacts of Industrial High Temperature Heat Pump Adoption,"Industrial emissions are a sizable proportion of the greenhouse gas emissions globally as well as one of the most difficult sectors to decarbonize. The diversity of industrial processes, which includes agriculture, steel production, and pharmaceuticals, drives the difficulty in decarbonizing this sector. US industry is especially slow at adopting the low carbon technologies. Roughly half of US industrial emissions come from the generation of process heat. Therefore, researchers are exploring low emission process heat technologies. Process heat at temperatures up to 200°C can be met using high temperature heat pump (HTHP) technology currently in development. However, the costs and environmental impacts of new HTHP technology integration with existing facilities must be carefully weighed by operators and governments. If HTHP technologies prove too expensive to install and operate, industrial facilities will continue to use high emission technologies to meet their thermal demands. I seek to learn the limitations of HTHP technology in industrial settings-identifying the cost impact of integration, key areas of improvement, and their climate impacts. Using a spray drying case study, I consider how HTHP technology compares to status quo heating systems across a number of technoeconomic metrics. In order to compare these systems for plant operators, I examine the net present value (NPV) and levelized cost of heat (LCoH), and emissions abatement cost. I do this by modeling the costs for the new equipment, its operation, as well as auxiliary equipment which may be required to meet industrial demands. NPV analysis sums an equipment’s cash flows across it’s lifetime in order to determine the value added to a private company or business. Thereby revealing the areas that require improvement for HTHP technology to be competitive with status quo systems. I use LCOH to compare HTHP applications across a variety of heat loads. To evaluate environmental impacts, I use Global Warming Potential (GWP), power generation carbon intensity, and Social Cost of Carbon (SCOC) to produce a dollar value for the equivalent tCO2 emissions. I then fold the environmental impact cost into the NPV analysis. I also use this data to generate abatement costs for HTHP systems. Abatement costs divide the total carbon emissions saved by the cost to save them, providing a framework that can compare across a wide variety of emissions saving methodologies, which are used by companies when prioritizing strategies for reducing their greenhouse gas emissions. I map these metrics in the continental United States, providing geographic comparisons necessary for governmentsand businesses. To account for uncertainty about future natural gas and electricity prices and grid emissions, I expand the analysis to make use of capacity expansion and integrated assessment model data. Like the analysis using historic data, the magnitude of emissions abatement potential varies geographically, and although the low natural gas prices in North America are difficult to overcome, there are regions where HTHP systems can be competitive.",0,10.25394/pgs.33095495,https://openalex.org/W7171734401,2026,dissertation,,adoption,33,abstract__21_50,0,,,,
OA0180,"Gas driven heat pumps : market potential, support measures and barriers to development of the UK market","There are currently two domestic or near domestic gas heat pumps available in the EU. One is a nominal 38 kW ammonia-water machine manufactured by Robur in Italy and badged by a number of manufacturers. The other is a 10 kW water-zeolite adsorption unit made by Vaillant in Germany. Viessmann has a similar adsorption machine about to go on the market and is working on a second generation absorption machine that is physically much smaller. Other companies are working on gas-fired domestic heat pumps but are at an earlier stage of development. \n \nThe largest potential market for gas heat pumps is the UK. Gas heat pumps have the potential to take a share of the boiler replacement market which is around 1.4 million p.a. and of which 30% are system boilers rather than combi boilers. The route by which boilers pass from manufacturer to private householder is dominated (79%) by contractor/installers who buy from builders merchants and this must be the target route if there is to be a widespread uptake of gas heat pump technology. Important factors for the contractor/installer are: Familiarity with boiler (installed them before, received training from manufacturer, accredited installer) Easy and quick to install (weight/ fittings). Must be a ‘one man fit’. Good back-up support from manufacturer should there be a problem e.g. spares available The consumer’s main concerns are capital cost and efficiency. The limit on payback time for the average consumer is about three years. The new build or major refurbishment market is smaller than the retrofit but still significant (175,000 p.a.). In this case the contractor/installer has much less influence and codes / regulations play a greater role. \n \nSpecifier/Installer training is an important issue. MIS 3005 is being adapted for gas heat pumps and future products may not be so demanding in terms of installer competencies. Consumer behaviour is an issue, the UK consumer being wary of new technology. Capital cost is also important and inclusion of gas heat pumps within the RHI could tackle both issues. \nSafety and noise, whilst of obvious importance are not seen as the main challenges. \n \nInclusion in the RHI with a suitable tariff is the most appropriate and effective means of support available. EN standards (safety and performance) for gas heat pumps exist and are presently being improved. The MCS is defining a minimum acceptable level of performance, together with the methodology for calculation. Eco Design for Energy Using Products (EuP) standards are still in the process of being drawn up. \n \nWork on scenarios to 2050 suggest that gas may still have a place in the longer term and that (used in gas heat pumps) it might find most use in older and larger dwellings.",0,,https://openalex.org/W2787217145,2014,report,en,barrier,33,abstract__21_50,0,,,,
OA0181,Getting warmer: a field trial of heat pumps,"Given the lack of data on heat pump performance in customers’ homes, the Energy Saving Trust in partnership with the Open University undertook the first large-scale heat pump field trial in the UK to determine how heat pumps perform in real-life conditions. The year-long field trial monitored technical performance and customer behaviour observed at 83 sites across the UK. The findings provide valuable information about the factors that affect the success of a domestic heat pump installation. Instead of revealing outcomes along statistical grounds, or acting as a “brand-vs-brand” competition, the field trial findings provide a discussion of key points of interest to potential consumers, including: • Measured coefficient of performance (COP) and system efficiency • Installation practices (both system design and performance) • Customer behaviour (contribution by the Open University) • Heating patterns and average internal temperatures • Economics This report makes recommendations for consumers, installers, manufacturers and policy makers, and identifies areas that require additional investigation and research.",0,,https://openalex.org/W1547466547,2010,article,en,consumer,33,abstract__21_50,0,,,,
OA0182,Heat pumps and the requirement for grid-scale energy storage in the UK,"In this paper we study the effect that the electrification of heat demand through the use of air-source heat pumps could have on a future zero-carbon electricity grid in the UK and the requirement for grid-scale energy storage. The study considers different adoption levels of heat pumps, going from 0 to 100% of UK homes. For each penetration level, we analyse different mixes of wind and solar, different levels of over-generation and different combinations between medium and long duration energy stores (hydrogen and compressed air, respectively) to determine the configuration that minimises the total cost of electricity (TCoE). TheTCoEincreases ~4% as the heat pumps’ uptake goes from 0 to 100%, owing to the greater storage capacity needed by the system. If heat pumps are adopted in 100% of UK homes, the electricity grid will need 175 TWh of storage. Underground hydrogen caverns provide 160 TWh (~220 days) while CAES systems provide 15 TWh (~10 days). Batteries (required for short duration imbalances) are not considered in the study. In this scenario, wind supplies 95% of the electricity and the lowestTCoEachieved is 74.5 £/MWh. The cost of electricity will be higher once short duration storage is accounted for.",0,10.1049/icp.2024.4499,https://openalex.org/W4408296720,2025,conference-paper,en,uptake,33,abstract__21_50,0,,,,
OA0183,How do investments in heat pumps affect household electricity consumption,"Increased energy efficiency is often seen as the best way of reducing energy consumption. However, the cost reduction resulting from the efficiency increase can undermine the energy-saving potential of the efficiency measures. In this study, we develop a method for decomposing the behavioral responses to increased energy efficiency based on a conditional demand model applied to a household production framework. We find that the electricity savings potential of the increased use of heat pumps in Norwegian homes is completely offset by changes in consumption. Households with heat pumps maintain higher indoor temperatures, consume less alternative fuels and engage less in energysaving behavior than other households. This analysis illustrates that subsidizing investments in new and more energy-efficient technology may not always be an effective means of reducing energy consumption.",0,,https://openalex.org/W3121895597,2012,article,en,household,33,abstract__21_50,0,,,,
OA0184,"Domestic heat pumps in the UK: user behaviour, satisfaction and performance",,1,10.1007/s12053-012-9146-x,https://openalex.org/W2025490579,2012,article,en,consumer,34,title_only__21_50,1,,,,
OA0185,Overcoming internal barriers to implement strategy effectively Case the Ramk's Heat Pump Test Centre,,1,,https://openalex.org/W2183574267,2013,article,en,barrier,34,title_only__21_50,1,,,,
OA0186,"Plumbers at the net zero technology frontline: Ground source heat pump installation, service and repair","Report summary How we heat our homes has never been a bigger issue. Never so much nor so directly, has the subject of home heating been so salient. Oil and gas price volatility on foot of the Iranian war and wider spill overs in the Middle East region, net zero commitments to cut greenhouse gas emissions, and new schemes for energy‑efficiency-driven house retrofits and emerging renewable technologies all bring the question of how we heat our homes to the fore. Foremost, too, are the legislative changes banning oil‑ and gas‑fired boilers in new builds, the phasing out coal-burning chimneys, and growing media attention on heat pump installation, all of which suggests that the prospects of home heating changes are imminent, or at least on the horizon. Delivering net zero technology at the frontline. Yet what is happening at the net zero technology frontline? What are the experiences of those installing heat pump technology at the frontline? What does the heat pump landscape look like? How is policy work shaping the plumber’s job? What do the market size and growth fundamentals of revenue generated through actual sales of heat pump technologies, or oil-and gas-fired boilers, or even Scandinavian design stoves tell us? This report aims to explore plumbers’ experiences and the competitive realities of the phasing out of oil-and gas-fired boilers and the installation of heat pump technologies in domestic and non-domestic settings on the island of Ireland. Funded by the GEMINI (Geothermal Energy Momentum on the IslaNd of Ireland) project under the PEACEPLUS programme, and managed by the Special EU Programmes Body (SEUPB), our research focuses on ground source heat pumps (GSHPs) but within the overall heat pump market. Our research has yielded a range of insights. Plumbers at the net zero technology frontline. Plumbers are directly responsible for heat pump installation, servicing and repair of existing and alternative heating systems, and so are very knowledgeable about what works and what does not work. Alternative heating technologies already exist in the heat pump category and include Air Source Heat Pumps (ASHPs) and Ground Source Heat Pumps (GSHPs). Both offer different advantages. The energy transition’s ‘last mile’. The characteristics of the built environment are many and varied, which perhaps helps explain its slower progress compared with other decarbonising sectors like transport and electricity generation. Its defining ‘last‑mile’ challenge - high complexity, dispersed decision‑making, and significant costs - makes delivery particularly difficult. Decarbonising heat remains a hard‑to‑abate challenge for policymakers and the heat‑pump sector alike. Willingness to substitute old technologies may be a choice for some, but not for all households. The Republic of Ireland and Northern Ireland households share similar housing stock characteristics, with the oil-and gas-fired boilers and the related challenges. Rural communities in particular, present challenges. A family of renewable technologies. What immediately strikes you from the initial interviews with plumbers is the renewable technology reference points – and usually GSHPs are ‘left off the table.’ The heat pump is synonymous with ASHPs. When prompted, of course, opinions follow on in relation to GSHPs and the inevitable comparisons with ASHPs and other oil-and gas-fired boilers. In frontline practice, there is no one single technology but a family of technological solutions. Passivhaus house designs and retrofit solutions carry many renewable technologies. Yet we find that the suite of renewable technologies is not always viewed as a family of solutions, but instead, each is owned, sometimes omitting or pitting the other renewables against the other. We think that a narrow policy design bias has distorted choice in the market. Getting the work done and not driving market share. A benefit of the high‑market‑share operators (ASHP) is brand visibility, reference and public awareness. Small micro enterprises in the business of plumbing are mostly disinterested in maximising market share of any particular heat pump over the long run. Plumbers are knowledgeable and interested in the technological features, effectiveness and the overall family of solutions. Plumbers in domestic settings are interested in maximising their own cash generation and getting the work done. Non-standardised price points and pricing ambiguity remain a market share and sector growth impediment in the sector. Rural community energy needs. The predominance of (semi) detached homes, many of them in rural locations, further complicates the built environment energy transition. Rural housing is mainly the oldest and often the coldest. Rural housing stock is the least likely to benefit from communal energy solutions such as heat networks, rural community organising and heat network infrastructure, remains ‘skimpy’ on the ground in such rural locations. Dandelion Energy Inc. which targets detached homes in America is an interesting GSHP installation case in point. But in the absence of key drivers such as a differential heat pump and grounds work subsidy to defray additional drilling and groundwork costs, this option is more, not less, likely to remain untapped. Plumbers report that the ‘warmth you can see’ remains a strong human comfort, particularly in the rural parts where open fires and Scandinavian type wood burning stove sales appear to be thriving. Northern parts of the island strongly fit this characteristic. When a new industry meets a traditional one. Renewable technologies are substitute technologies seeking to capture a share of the existing and future market spoils. New heat pump technology entrants take space and share from others. In one space, start‑ups, pre‑revenue firms, and institutions in advisory or advocacy roles frequently report on market potentiality (estimates). This potentiality, we suggest, amplifies the ‘glass bottle’ market. In another space, are the existing oil‑and gas‑fired boiler businesses maintaining their dominant market share. Oil, gas, and coal producers, distributors, and retailers remain steadfast and indeed are thriving in certain parts of the island of Ireland. In Northern Ireland, the data suggests that fossil fuels are thriving. Why is this only happening there? That question is certainly a pressing one, but another study. Relatedly, in this study we found that some plumbers’ core beliefs are deeply entrenched with the power of oil-and gas-fired boilers, open fires and wood burning stoves. Indeed, at times we were met with sighs and shakes of the head on the issues of renewable technologies. We did not find such core beliefs in the Republic of Ireland on same, but generally a more open and a more willingness to engage with renewable technology alternatives. Persistent structural disruption rather than cyclical volatility. As our report shows, oil‑price shocks are structural. A crisis occurs; a short‑term policy reaction follows; and for a brief period, renewable heat pumps become more competitive for a while. Yet this persistent structural disruption is visible only in crisis–reaction cyclical outworkings and domestic households or businesses pay the price. The Iranian war is a case in point. Looking ahead, policy‑makers must ‘double down’ on taking corrective action on this market failure and build a resilient, affordable, and sustainable energy system on the island of Ireland. Harnessing ‘homegrown’ energy on-site and locally is critical in this work. Important work and strides are already underway, but significantly more progress is needed, particularly in the area of energy waste heat and energy storage. Reconciling pledges with business fundamentals. At the net‑zero frontier, ambitious pledges to decarbonise at unprecedented speed offer little consolation to those installing heat pumps who, for various reasons, find themselves replacing oil‑and gas‑fired systems with the same technologies again, or serving households content to maintain the cosy comforts and the comforting rituals of open coal or log fires, or the Scandinavian stoves. Building an accurate picture of the heat pump market adoption goes beyond assessing market potential sentiment. Heat pump use and adoption vary across households, regions and building types. Different market segments, market attractiveness, competing technologies and brands, sales and sentiment and market share drivers all make sizing this heat pump market is not necessarily an easy task. Revisiting the business fundamentals is necessary. Flatlining GSHP market share and market failures. Speaking with the plumbers and the related trade allowed us to identify the following market failures: (i) Positive externalities associated with heat pumps: GSHPs deliver social and environmental benefits (such as lower emissions and cleaner air) that are not reflected in market prices, which leads to underinvestment. (ii) High upfront costs of gateway infrastructure-building for heat networks and waste heat: High upfront investment infrastructure-building costs have made GSHPs less attractive compared to ASHPs. This reduces choice. (iii) High incumbent advantages for oil-and gas-fired boilers that deter investment in the renewables sector: the higher energy costs in both the UK (NI) and also the EU (some of the highest electricity prices in the world) are undermining energy competitiveness on the island. (iv) Scheme incentive subsidy referral mechanism. The negative externalities associated with scheme incentive subsidy on heat pump transitions, waste heat and heat networks does not have a specific mechanism for referral on either part of the island of Ireland. Plumbers wear their expertise lightly, but don’t mince their words. In a final note, the authors are grateful to those plumbers and supply chain trades",0,,https://openalex.org/W7159555633,2026,report,en,willingness,34,abstract__21_50,0,,,,
OA0187,Simulation and performance analysis on condenser coil in household heat pump water heater,,1,10.1016/j.scs.2017.10.020,https://openalex.org/W2765382147,2017,article,en,household,34,title_only__21_50,0,,,,
OA0188,Zeolite-graphene composite adsorbents for next generation adsorption heat pumps,,1,10.1016/j.micromeso.2020.110839,https://openalex.org/W3120377109,2021,article,en,uptake,34,title_only__21_50,0,,,,
OA0189,A learning agent for heat-pump thermostat control,"Heating, Ventilation and Air Conditioning (HVAC) systems are one of the biggest energy consumers around the world. With the efforts of moving to sustainable energy consumption, heat-pump based HVAC systems have gained popularity due to their high efficiency and due to the fact that they are powered by electricity rather than by gas or oil. One drawback of heat-pump systems is that their efficiency sharply decreases when the outdoor temperature is around or below freezing. Therefore, they are backed up by an auxiliary heating system that is effective in cold whether, but that consumes twice as much energy. A popular way of saving energy in HVAC systems is setting back the thermostat, meaning, relaxing the heating/cooling requirements when occupants are not at home. While this practice leads to significant energy savings in many systems, it could in fact increase the energy consumption in a heat-pump based system, using existing control strategies, as it forces an excessive usage of the auxiliary heater. In this paper, we design and implement a complete, adaptive reinforcement learning agent which applies a new control strategy for a heat-pump thermostat. For our experiments, we use a complex, realistic simulator that was developed for the US Department of Energy. Results show that the learned control strategy (1) leads to roughly 7.0%-14.5% energy savings in typical homes in the New York City, Boston, and Chicago areas; while (2) keeping the occupants ’ comfort level unchanged when compared to an existing strategy that is deployed in practice. Categories andSubjectDescriptors",0,10.5555/2484920.2485092,https://openalex.org/W2137451368,2013,article,en,consumer,35,abstract__21_50,0,,,,
OA0190,Development of MIL-101(Cr)/GrO composites for adsorption heat pump applications,,1,10.1016/j.micromeso.2017.02.020,https://openalex.org/W2586194623,2017,article,en,uptake,35,title_only__21_50,0,,,,
OA0194,Willingness-to-Pay for District Heating from Renewables of Private Households in Germany,"Recent discussion about future energy production promotes the recovery of industrial heat as a potential solution to reduce carbon emissions. Experts call for an expansion of central heating by renewable energy systems to ensure a decarbonization of energy systems. In this context, district heating could play a significant role in city and district planning. Nonetheless, for private households, environmental aspects are only one factor amongst others as, e.g., capital costs, comfort and security. In this study, we focus on private household preferences and willingness-to-pay for district heating and district heating from renewables compared to gas condensing boilers and heat pumps. For the study, we decided to apply a discrete-choice experiment and collected data on attitudes towards sustainability, economic aspects and demands for providers of heat supply as dimensions for a factor and cluster analysis in order to apply a market segmentation. The results show that district heating by renewables is the most preferred heating option for households followed by district heating from fossil fuels, heat pumps and gas boilers. Furthermore, the study offers more profound insight into the willingness-to-pay for each heating option and reports interaction effects for the different market segments that could be identified in the analysis.",0,10.3390/su12104129,https://openalex.org/W3024938609,2020,article,en,willingness,35,abstract__21_50,0,,,,
OA0195,Assessing the impact of air source heat pump retrofits on indoor environment and energy consumption in UK homes,"To support the UK target of net zero emissions by 2050, the Government aims to install 600,000 heat pumps annually by 2028. This study examines the impact of air source heat pump (ASHP) retrofits on indoor comfort and household electricity consumption across 16 diverse dwellings in an Oxford neighbourhood. A mixed-method approach combined household surveys with continuous monitoring of indoor and outdoor temperature and relative humidity. Data were collected over two periods: 1 December 2024 to 6 February 2025, when heat pumps supplied space heating and hot water, and 21 June to 31 August 2024, when they provided hot water only. Smart meter data from three homes offered additional insights into electricity consumption patterns. Indoor temperatures remained above the World Health Organisation recommended minimum of 18°C, but often below the 20°C threshold advised for vulnerable groups in winter. Surveys indicated improved comfort and satisfaction post-installation, with most users finding the systems easy to operate and willing to shift energy use, though challenges in maintaining consistent room temperatures were reported. Mean daily electricity consumption ranged from 18.6 to 24.3 kWh in winter and 4.10 to 10.62 kWh in summer. Peak demand generally occurred outside the 4–7 pm peak period, with the highest usage (0.85 kWh) observed at 7 pm in one dwelling, likely reflecting lifestyle factors. These findings highlight the influence of ASHPs on indoor environments and energy demand, underlining the role of time-of-use tariffs and smart controls in promoting off-peak usage. The study provides evidence to guide scalable, equitable strategies for UK residential heat decarbonisation.",0,,https://openalex.org/W7111434304,2025,conference-paper,,willingness,36,abstract__21_50,0,,,,
OA0196,Heat-Driven Heat Pumps—The Future of Domestic Heating in Europe?,,1,10.1007/978-3-319-18215-5_69,https://openalex.org/W2506656025,2015,book-chapter,en,barrier;uptake,36,title_only__21_50,0,,,,
OA0197,PRIVATE HOUSEHOLD HEAT PUMP-BASED HEATING SYSTEM WITH PHOTOVOLTAIC PLANT,"Heat supply is the most energy-consuming industry in Ukraine. The reason for this is a large number of buildings built with a low level of thermal insulation, outdated thermal energy equipment and infrastructure, as well as a low level of implementation of heating systems based on renewable energy sources. Heat pumps are one of the alternatives to fossil fuel boilers for use in household heating systems. The problem of optimizing the operation of heating systems based on heat pumps is of practical importance, since its solution will potentially allow achieving several energy effects, including: reducing operating costs, as well as increasing the level of autonomy of the heating system in the case of providing electricity from an autonomous photovoltaic plant. The article presents the results of mathematical modeling of the heating system of a private house based on a heat pump, a thermal energy accumulator and a photovoltaic plant in the MATLAB/SIMULINK software environment. The model was created for the research purpose of the heating system of a private house with renewable energy sources through structural simulation modeling and conducting a comparative analysis of its management methods for three options (methods): ""reactive"", ""economic"" and ""autonomous"". It was found that the average annual operating costs with the ""economic"" method of management decreased by 22% compared to the ""reactive"" method of management. When using the ""autonomous"" method of control, the annual maintenance cost of the system due to photogeneration increased by 48%.",0,10.31548/energiya2(66).2023.063,https://openalex.org/W4385151752,2023,article,en,household,36,abstract__21_50,0,,,,
OA0198,Pumping Heat Into Cold Water,"High efficiency is the reason for adapting heat pump technology for domestic water heating. With almost 20,000 units now in service, the heat pump water heater (HPWH) is going on strong as an end-use conservation option. This article describes HPWH developments since the first designs for mass production in the 1950s, their operating characteristics, and the consumer education that was necessary to gain public acceptance. 3 references, 2 figures.",0,10.1109/mper.1984.5525851,https://openalex.org/W164742585,1984,article,en,consumer,36,abstract__21_50,0,,,,
OA0199,Regionalizing the thermodynamic barriers to heat pump adoption in the United States from first principles analysis,A simple analysis bounding the performance of heat pumps for heating on the coldest days of the year per state.,0,10.36227/techrxiv.23065739,https://openalex.org/W4377820196,2023,preprint,en,adoption;barrier,36,abstract__21_50,0,,,,
OA0201,A Study on the Market Assessment of Air-Source Heat Pumps in Cold Regions and Energy Policy Adjustments,,1,10.2139/ssrn.7395294,https://openalex.org/W7205012245,2026,preprint,,willingness,37,title_only__21_50,0,,,,
OA0202,A theoretical treatment of the design and optimization of adsorption heat pumps,,1,10.1016/j.applthermaleng.2020.116305,https://openalex.org/W3100304226,2020,article,en,uptake,37,title_only__21_50,0,,,,
OA0204,Impact of Widespread Heat Pump Adoption on Grid Reinforcement and Network Tariff Equity,,1,10.2139/ssrn.6205216,https://openalex.org/W7128438465,2026,preprint,,adoption,37,title_only__21_50,0,,,,
OA0206,Using Fault Managed Power to Overcome Infrastructure Barriers to Heat Pump Installation in Older Buildings,,1,10.63044/s25usi54,https://openalex.org/W4414043965,2025,conference-paper,en,barrier,37,title_only__21_50,0,,,,
OA0214,Is the Ca2+-ATPase from sarcoplasmic reticulum also a heat pump?,,1,10.1007/s00249-008-0358-0,https://openalex.org/W1998814665,2008,article,en,uptake,39,title_only__21_50,0,,,,
OA0220,How do heat demand and energy consumption change when households transition from gas boilers to heat pumps in the UK,"Heating with air source heat pumps is an important step in the transition to Net Zero Carbon for many households. When predicting the resulting energy consumption it is frequently assumed that heating demand is unchanged from before the switch from gas heating. However, heating patterns usually change, with a net increase in heating demand to achieve the same level of thermal comfort. This paper discusses the change in pattern and uses modelling to determine the resulting increase in energy demand. It shows that the increase can be predicted with information about dwelling heat loss and thermal mass as well as weather and the pre and post switch heating pattern. The increase can be 20% or more for homes with high heat loss. It proposes that the metric for heating demand increase would be a useful measure of heat pump readiness, and that the parameters required to assess this should be provided on energy performance certificates.",0,10.1016/j.enbuild.2023.113183,https://openalex.org/W4377115608,2023,article,en,household,40,abstract__21_50,1,,,,
OA0221,Optimal Operational Planning for a Heat Pump Space Cooling System with Ice Bank Based on the Log Barrier Method.,"An optimal operational planning problem is discussed for a heat pump space cooling system considering characteristics in ice bank during ice making and thawing. This problem is formulated as a mixed-integer nonlinear programming one, in which the operational strategy of heat pumps and ice bank is determined so as to minimize the daily operational cost. An algorithm is proposed to solve this optimization problem on the basis of the log barrier method. Through a numerical study, it is ascertained that the proposed algorithm is a useful tool, and it is investigated how the characteristics in ice bank influences on the operational strategy.",0,10.1299/kikaic.64.1611,https://openalex.org/W2319232549,1998,article,en,barrier,41,abstract__21_50,1,,,,
OA0222,Willingness-to-pay for renewable energy: Primary and discretionary choice of British households' for micro-generation technologies,,1,10.1016/j.eneco.2009.06.004,https://openalex.org/W2158180842,2009,article,en,willingness,41,title_only__21_50,1,,,,
OA0223,Breaking the 100°C Barrier: Advanced Ammonia Heat Pump System for High-Temperature Industrial Applications,,1,10.23697/5exw-r228,https://openalex.org/W7214761460,2026,conference-paper,,barrier,42,title_only__21_50,1,,,,
OA0224,The Effect and Potential of Heat Pump Technology,"Problems associated with global warming and energy supply are the issues that humankind century must overcome. Consumption of fossil fuels by consumers is affected by a steep rise in its prices, and that the reducing CO2 emissions as a greenhouse gas (GHGs) are solely dependent on the efforts of consumers who would not take radical measures. The key to resolving these problems lies in realizing “dramatic improvements in energy utilization efficiency” and “a transition to post-carbon energies.” A technology that can accomplish them compatibly is “heat pump”. Heat-pump heaters that utilize ground-source heat have already been available in Europe and North America. In Japan, water heaters that utilizing air-source heat are commercialized and one million units have already been introduced in the market. For heating and water heating, however, heat generated by combustion of fossil fuels is used in general, and it is hard to say that heat pumps have come into wide use as yet. Now, it’s time to promote wide use of heat pumps through international cooperation hand in hand, so as to solve global warming issues.",0,10.1299/jsmemag.111.1079_825,https://openalex.org/W2726087687,2008,article,en,consumer,42,abstract__21_50,1,,,,
OA0225,Tunable Metal–Organic Frameworks Enable High-Efficiency Cascaded Adsorption Heat Pumps,"Rising global standards of living coupled to the recent agreement to eliminate hydrofluorocarbon refrigerants are creating intense pressure to develop more sustainable climate control systems. In this vein, the use of water as the refrigerant in adsorption heat pumps is highly attractive, but such adsorption systems are constrained to large size and poor efficiency by the characteristics of currently employed water sorbents. Here we demonstrate control of the relative humidity of water uptake by modulating the pore size in a family of isoreticular triazolate metal–organic frameworks. Using this method, we identify a pair of materials with stepped, nonoverlapping water isotherms that can function in tandem to provide continuous cooling with a record ideal coefficient of performance of 1.63. Additionally, when used in a single-stage heat pump, the microporous Ni 2 Cl 2 BBTA has the largest working capacity of any material capable of generating a 25 °C difference between ambient and chiller output.",0,10.1021/jacs.8b09655,https://openalex.org/W2900985537,2018,article,en,uptake,42,abstract__21_50,1,,,,
OA0226,WILLINGNESS TO PAY FOR SUSTAINABLE TOURISM IN WESTERN ROMANIA: A CONTINGENT VALUATION ANALYSIS,"The main scope of this research paper is to measure residents’ willingness to pay towards sustainable tourist accommodations in the West development region. As the method chosen for the survey is contingent valuation, we designed and described three fictional tourist accommodations each exhibiting characteristics from sustainable tourism typologies. The three typologies studied are: high-tech sustainability (using innovative technology such as heat pumps and solar panels for heating), agritourism (in our case a more budget oriented product, with traditional motifs and technology) and enotourism (marketable as a more desirable, deluxe take on sustainable tourism). Besides measuring willingness to pay in itself, the study also deals with the correlation between this variable and net income; interest in ecology and sustainability; age; and education.",0,,https://openalex.org/W3206265999,2021,article,ro,willingness,42,abstract__21_50,1,,,,
OA0227,Enhancement of heat transfer for ground source heat pump systems,"Uptake of geothermal heat pump (GSHP) systems has been slow in some parts of the world due to the unpredictable operational performance, large installation space requirement and high installation costs. Therefore, design modification was searched in order to improve the feasibility. With regard to relatively small impact of the construction costs, efficient thermal energy collection was targeted in horizontal ground-loop systems with shallow underground construction. The research started with a sensitivity analysis of the underground heat collection system using computational fluid dynamics (CFD). The results indicated essential design parameters to enhance the performance. Strategies to improve one of the parameters, thermal conductivity of soil surrounding the heat exchanger, were investigated through lab experiments. Subsequently, further design optimisation with the CFD intended to select the most competitive modified design against the existing design. It was discovered that an indication to achieve economic and practical modifications for efficient heat collection was to increase the moisture content of sub-soil up to the optimum moisture content (OMC). Annual operation analysis with the CFD disclosed that additional costs for even simple design modifications could easily worsen the payback period. Consequently, solutions to improve the performance of the GSHP within reasonable payback period were proposed.",0,,https://openalex.org/W1586208777,2010,dissertation,en,uptake,43,abstract__21_50,1,,,,
OA0230,Non-technical barriers for industrial heat pump adoption. Insights from supply chain workshops and end user case studies,"Industrial heat pumps offer a tangible decarbonization option to meet the industrial demand for low temperature heat generated without using fossil fuels. Dutch and European governments are championing this technology; specifically, for supplying low temperature process heat (<200°C). Yet, the current heat pump adoption rate is low. After years of steady growth, overall EU heat pump sales declined in 2023 and 2024, followed by a limited boost in 2025. This growth is concentrated within the residential and utility sectors, with limited adoption in industrial settings. At the current growth rate, current energy security and climate ambitions are unlikely to be met. Technical and non-technical barriers hamper adoption. Although commercial solutions for low temperature industrial heat pumps are widely available up to 120°C and 10MW, solutions at higher temperatures or larger capacities are either only just entering broader commercial availability (for 120-160°C) or still in the demonstration phase of development (>160°C). Conversely, various non-technical factors (e.g. high investment costs, unattractive gas to electricity price ratios, grid congestion) have been put forward as ecosystem level barriers inhibiting higher levels of adoption. These challenges have been covered extensively and are already addressed in existing EU and Dutch policy frameworks.",0,,https://openalex.org/W7171007441,2026,report,en,adoption;barrier,43,abstract__21_50,1,,,,
OA0231,Scalable Strategy for Heat Pump Adoption: Community-Based Events with Behavioural Design,,1,10.23697/344n-r277,https://openalex.org/W7212003628,2026,conference-paper,,adoption,43,title_only__21_50,1,,,,
OA0232,The comfort rebound from heat pumps and impact on household cooling behaviour and energy security,,1,10.1038/s41560-025-01845-2,https://openalex.org/W4414747321,2025,article,en,household,43,title_only__21_50,1,,,,
OA0233,Heat Pumps and Photovoltaic Systems Optimization,"Heat of pumps work principle natural and industry low potential from sources the heat useful to the heat to convert based on Heat of pumps scope very wide _ They are big industry of complexes different technological in the fields of utility in services, for example, consumers heating and Hot water with provide and another in the fields performance can _ Heat of the pump efficiency increase method the first in line photovoltaic from the panels reserve power source as use and the work regimes exergetic evaluation because of exergetic losses to optimization based on.",0,,https://openalex.org/W7215509673,2023,article,en,consumer,44,abstract__21_50,1,,,,
OA0234,Heat Pumps Using Organometallic Liquid Absorbents,"Abstract A family of new organometallic liquid absorbents have been invented and are being developed for heat pump and cryocooler applications. Both hydrogen absorbing “HySorb liquids” and nitrogen absorbing “NiSorb liquids” have been synthesized in the laboratory and their properties are being measured. Previous research has shown that some organometallic substances can absorb large amounts of hydrogen — up to several weight percent, but all of the previously reported materials are solids. The only reversible hydrogen or nitrogen absorbing organometallic materials known that are liquids are the HySorb and NiSorb liquids. These liquid absorbents are environmentally clean, have 1–13 wt.% gas uptake capacity and have ΔH/cp up to 15 times higher than that of ammonia/water or lithium bromide/water, so more compact, higher power density heat pumps are possible. These liquids are also non-corrosive, compatible with oils and may be readily pumped through conventional heat exchangers, absorbers and desorbers. Compressor driven and heat driven heat pumps and cryocoolers are described. Analysis of the NiSorb heat pump indicates that high efficiencies are possible.",0,10.1115/imece1998-0867,https://openalex.org/W4210671573,1998,conference-paper,en,uptake,44,abstract__21_50,1,,,,
OA0235,IEA HPP Annex 29 - Ground-Source Heat Pumps Overcoming Technical and Market Barriers - Status Report Norway,,1,,https://openalex.org/W3214553471,2004,report,en,barrier,44,title_only__21_50,1,,,,
OA0236,"Net-demand duration data, with extensive heat pump adoption, simulated for UK",The dataset is the detailed results from simulation described in associated paper. Results are presented as the proportion of the duration of each simulation for which net-demand exceeds the each value (in 100MW bins).,0,10.15125/bath-00125,https://openalex.org/W2611030907,2015,dataset,en,adoption,44,abstract__21_50,1,,,,
OA0237,The proof of the pudding is in the heating: A field experiment on household engagement with heat pump flexibility,,1,10.1016/j.eneco.2025.108565,https://openalex.org/W4410596407,2025,article,en,household,44,title_only__21_50,1,,,,
OA0238,Waste Heat Recovery Using a Circulating Heat Medium Loop,"As energy costs continue to increase, one must be willing to accept greater complexities in heat recovery systems. The days of being satisfied with only simple hot product to cold feed exchange, restricted to the plot boundaries of each unit, are a thing of the past. This paper presents results of a refinery-wide survey to identify potential high temperature heat sources that are not being recovered and low temperature systems that consume fuel. The best candidates in each category were connected by a circulating heat medium loop where waste heat is recovered for useful purposes. The heat medium chosen is turbine fuel. It is pumped around the refinery to pick up heat at the crude distilling unit, the hydrocracker, the catalytic cracker, and the coker; the heat is used to reboil a butylenes splitter column and to preheat boiler feed Water. The heat that is recovered is equivalent to some 660 B/D of fuel: at an illustrative fuel value of say $30 per barrel, the value of the recovered heat is $20,000 per day. \n\nAn energy conservation project at Shell's Norco (Louisiana) Manufacturing Complex involves several processing units and recovers heat that was previously lost to air or cooling water. The recovered heat is used to reboil a butylenes splitter column and to preheat boiler feed water. Essentially, the system consists of a circulating heat medium that transfers waste heat to heat consumers. The heat medium picks up heat from multiple donors and transfers it to multiple consumers.",0,,https://openalex.org/W2261886474,1981,article,en,willingness,44,abstract__21_50,1,,,,
OA0239,Guidebook to water-source heat pumps,"The technology, applications, and cost-effectiveness of water source heat pumps and applicable federal, state, and local regulations are reviewed. Legislative issues and options are reviewed. The portions on water quality and water supply discuss regulatory options to protect states' groundwater. The portions on consumer assistance and financial incentives discuss methods to encourage the utilization of water source heat pumps. (MHR)",0,,https://openalex.org/W97816247,1981,article,en,consumer,45,abstract__21_50,1,,,,
OA0248,An energy analysis methodology for residential heat pump retrofits,"The government has targets to upscale domestic heat pump retrofit as part of the strategy to decarbonise heat. There are significant barriers to uptake including installation cost together with a lack of expertise in predicting and reporting energy and carbon performance. As a result, end user confidence in heat pumps can be low. This paper presents analysis of two monitored domestic properties using high resolution data. The aim is to develop reliable prediction and in-use diagnostic tools to improve transparency and reliability of heat pump performance. This paper focuses on a method drawn from theory as set out in CIBSE TM41, and shows how real building heat loss coefficients can be determined from regression analysis over different time frame resolutions. Practical application This research aims to provide residential heat pump retrofit providers with cost effective methods for assessing the suitability of dwellings to accept heat pump retrofit solutions, and to extend these techniques for the effective monitoring and performance evaluation of heat pumps post installation.",0,10.1177/01436244241289521,https://openalex.org/W4402988451,2024,article,en,barrier;uptake,47,abstract__21_50,1,,,,
OA0249,Evaluating the cost of heat for end users in ultra low temperature district heating networks with booster heat pumps,,1,10.1016/j.energy.2018.04.081,https://openalex.org/W2802348489,2018,article,en,consumer,47,title_only__21_50,1,,,,
OA0252,How to Reduce Low-Stack Emissions? An Assessment of the Willingness of Residents of Single-Family Houses to Replace Fossil Fuel Heating Systems,"Objective: The objective of this study is to determine whether occupants of single-family houses in Poland, where low-stack emissions have a particularly negative impact on air quality, are willing to replace their current fossil fuel heating systems. To that end, four research hypotheses were formulated: 1. The majority of households using solid fuel boilers are considering switching to another heat source; 2. Their willingness to replace solid fuel boilers is affected by several statistically significant factors; 3. The main impediment to replacing the heat source is its cost; and 4. The anticipated amount of subsidy is critical in deciding whether or not to purchase a new heat source. Research Design & Methods: These research were considered in the context of data from a CATI survey conducted in July and August 2021 among a representative sample of occupants of single-family houses in Poland. A total of 1007 responses were collected, of which 432 were considered in the subsequent analysis.A literature review, questionnaire results analysis, and a logit regression model were used to verify the hypotheses. Findings: 1. Nearly 80% of respondents would like to replace their heat source, but only 20% are considering ecological heat pumps; 2. People with more knowledge about renewable sources, who are more concerned about the environment and live in older houses, are more likely to replace their heat sources; 3. The high cost of purchasing a new appliance, low subsidies or lack thereof, and the fear of rising bills are the main factors slowing the transition; 4. Higher subsidies increase the number of people willing to replace their heat sources, with the median expecting at least a 50% replacement subsidy regardless of the price of the appliance. Implications/Recommendations: The results of the study can be used by decision makers when formulating and adapting support programs for people replacing old and inefficient solid fuel boilers. Contribution/ Value Added: The research results indicate the issues that have not been formulated in the literature so far, regarding the factors determining the willingness to replace old fossil fuel boilers. The added value of this article is the indication of statistically significant variables such as the age of the house, knowledge about renewable energy and attitude to the environment, which affect the willingness to replace. Article classification: research article Keywords: Heating transformation, low-stack emissions, single-family houses, preference analysis JEL classification: Q42, Q56, R11",0,10.15678/pg.2022.60.2.04,https://openalex.org/W4387886921,2022,article,en,willingness,47,abstract__21_50,1,,,,
OA0253,Message Format and Psychological Reactance in Innovative Heat Pump Adoption: A Construal Level Perspective,"Consumer adoption of heat pumps is critical for achieving NetZero targets, yet uptake remains limited due to concerns about cost, noise, aesthetics, and reliability. Ice-source heat pumps, an emerging technology using existing gas pipelines, offer a quieter, more compact, and climate-resilient alternative. This study examines how communication format influences adoption behavior across gender and age groups and the mediating effect of reactance. Grounded in Construal Level Theory and Psychological Reactance Theory, a pre-registered experiment tests how three video formats, each with the same audio script and subtitles, affect adoption behavior. The videos varied in visual complexity, ranging from (i) an immersive presenter-led video, (ii) a simple narrated slideshow, and (iii) no visuals aside from with subtitles, and were compared to a video with (iv) subtitles but no audio. Exploratory analysis also examined how screen time and short form video engagement influences video format preference across demographic groups.",0,10.17605/osf.io/56wat,https://openalex.org/W7204247537,2025,preprint,,adoption,47,abstract__21_50,1,,,,
OA0254,domOS Sion Living Lab: Household and Heat Pump Electricity Consumption Data,"This dataset has been collected in context of the domOS H2020 project (https://www.domos-project.eu/). The dataset includes data about the electricity consumption of 15 single-family residential households all located around Sion (Switzerland), in the OIKEN service area (https://oiken.ch). All the households are equipped with an individual heat pump providing energy for both space heating and domestic hot water. The ongoing data collection began in January 2021 and includes the households’ total electricity consumption provided by the Smart Meter. It also includes the specific consumption of the heat pump and the production of the solar panels (where applicable) provided by dedicated sub-meters.",0,10.5281/zenodo.8238569,https://openalex.org/W4393741865,2023,dataset,en,household,48,abstract__21_50,1,,,,
OA0255,Energy consumption modeling of air source electric heat pump water heaters,,1,10.1016/j.applthermaleng.2010.04.008,https://openalex.org/W1998124581,2010,article,en,consumer;uptake,48,title_only__21_50,1,,,,
OA0256,Heat current in a parametric quantum pump,"We investigate the heat flow in the parametric quantum pump. Using the time dependent scattering matrix theory, we have developed a general theory for the pumped heat current at finite pumping amplitude and frequency. We have applied our theory to a double barrier structure and studied pumped heat current in both the weak and strong pumping regimes as different system parameters vary. By comparing the pumped heat current and the power of Joule heat generated in the system, we found that the double barrier structure can function as an optimal pump in the strong pumping regime.",0,10.1103/physrevb.66.125310,https://openalex.org/W2082582307,2002,article,en,barrier,48,abstract__21_50,1,,,,
OA0257,Heat pump efficiency in fifth generation ultra-low temperature district heating networks using a wastewater heat source,,1,10.1016/j.energy.2021.121318,https://openalex.org/W3175835116,2021,article,en,consumer,48,title_only__21_50,1,,,,
OA0260,Canadian residential heating decarbonization: An agent-based model simulation of heat pump adoption and policy interventions,,1,10.2139/ssrn.7050527,https://openalex.org/W7167203670,2026,preprint,,adoption,49,title_only__21_50,0,,,,
OA0261,Conception of combination of gas-engine-driven heat pump and water-loop heat pump system,,1,10.1016/j.ijrefrig.2005.02.004,https://openalex.org/W1973067132,2005,article,en,barrier,49,title_only__21_50,0,,,,
OA0263,Integration of large-scale heat pumps in the district heating systems of Greater Copenhagen,,1,10.1016/j.energy.2016.04.029,https://openalex.org/W2343203136,2016,article,en,consumer,49,title_only__21_50,0,,,,
OA0265,The Proof of the Pudding is in the Heating: A Field Experiment on Household Engagement with Heat Pump Flexibility,,1,10.2139/ssrn.5068963,https://openalex.org/W4405722021,2024,preprint,en,household,49,title_only__21_50,0,,,,
OA0271,Adoption of Renewable Home Heating Systems: An Agent-Based Modeling of Heat Pump Systems in Ireland,,1,10.2139/ssrn.4007917,https://openalex.org/W4212939346,2022,preprint,en,adoption;uptake,51,title_only__51_100,1,,,,
OA0272,Forecasting the adoption of residential ductless heat pumps,,1,10.1016/j.eneco.2015.11.020,https://openalex.org/W2183546695,2015,article,en,adoption;consumer,51,title_only__51_100,1,,,,
OA0273,Heat Pumps and Heat Recovery,,1,10.1016/b978-075068519-1.00027-x,https://openalex.org/W2499279036,2008,book-chapter,en,barrier,51,title_only__51_100,1,,,,
OA0274,Rooftop Photovoltaics and the Urban Heat Island in the Las Vegas Valley,"This paper analyzes the interaction between rooftop photovoltaic (PV) systems and the urban heat island in the Las Vegas valley, extending the control-volume framework and roof heat budget developed in the companion papers on transport electrification, heat pump adoption, and roof color. Rooftop PV panels interact with the urban heat budget through a mechanism unique among roof surfaces: they absorb solar radiation like any dark surface but convert 18–22% of the incident energy to electricity that is physically removed from the local thermal budget. Simultaneously, the panel-to-roof standoff gap creates a ventilated shade structure that reduces heat transfer to the attic by approximately 38% (UCSD field measurements) to 49% (Shukla et al., New Mexico). The analysis quantifies four scenarios—dark asphalt, light tile, dark asphalt with PV, and the author’s insulated double-deck design with PV—finding that PV on a dark asphalt roof reduces total atmospheric heat loading by 10–15% compared to the same roof without panels, but a light tile roof without PV still produces less local atmospheric heat than a dark roof with PV, because tile’s high albedo (0.45) reflects more energy at the surface than PV’s electricity conversion (21%) can extract. The optimal assembly—insulated double-deck with PV—minimizes both local heat loading and grid carbon simultaneously. The analysis then addresses two critical realities that the solar industry’s marketing understates. First, PV degradation in the Las Vegas desert environment is substantially worse than warranty curves imply: the compound effects of glass micro-scratching from wind-borne sand, encapsulant yellowing from extreme UV exposure (UV Index 10–12 for five months annually), thermal cycling fatigue from 100°F+ daily surface temperature swings, and chronic dust soiling suggest that panels in Las Vegas are a 15–20 year investment producing 60–75% of rated output by year 15, not the 25–30 year asset at 85–90% output implied by industry warranties. Second, Nevada’s net metering regulations—shaped by NV Energy (owned by Berkshire Hathaway Energy, a subsidiary of Warren Buffett’s Berkshire Hathaway)—cap residential PV system sizing at 100% of annual consumption and compensate grid exports at only 75% of the retail rate, creating a policy environment that actively prevents homeowners from maximizing roof coverage with PV. This paper argues that this regulatory structure has an unquantified externality: the forgone UHI mitigation from roof area that could be shaded by panels the homeowner is willing to install but is legally prohibited from deploying. An international comparison with Germany’s feed-in tariff model (which produced 1.6 million residential solar installations with no sizing cap) and Australia’s net export schemes demonstrates that Nevada’s approach is among the most restrictive in the developed world for a jurisdiction with among the highest solar resources.",0,10.5281/zenodo.20513560,https://openalex.org/W7163168225,2026,article,,willingness,51,abstract__51_100,1,,,,
OA0275,Theoretical heating coefficient of a heat pump water heater with heat recovery applied in household bathing room,"Presents the components and flow diagram of a heat pump water heater with heat reclaim applied In household bathing room, analyzes its characteristics from thermodynamical principle, calculates its theoretical heating coefficient under different operating conditions. The result shows that the maximum value of its heating coefficient is 12.9 under a typical operating condition.",0,,https://openalex.org/W1042492987,2003,article,en,household,51,abstract__51_100,1,,,,
OA0276,A heat pump at a molecular scale controlled by a mechanical force,"We show that a mesoscopic system such as Feynman's ratchet may operate as a heat pump, and clarify underlying physical picture. We consider a system of a particle moving along an asymmetric periodic structure. When put into contact with two distinct heat baths of equal temperature, the system transfers heat between two baths as the particle is dragged. We examine Onsager relation for the heat flow and the particle flow, and show that the reciprocity coefficient is a product of the characteristic heat and the diffusion constant of the particle. The characteristic heat is the heat transfer between the baths associated with a barrier-overcoming process. Because of the correlation between the heat flow and the particle flow, the system can work as a heat pump when the particle is dragged. This pump is particularly effective at molecular scales where the energy barrier is of the order of the thermal energy.",0,10.1209/epl/i2006-10080-2,https://openalex.org/W1991361138,2006,article,en,barrier,52,abstract__51_100,1,,,,
OA0277,Achieving Net Zero: How Could User Feedback Be Leveraged to Promote Domestic Heat Pump Adoption in Scotland?,"Currently, 81% of Scottish households rely on mains gas for heating, contributing significantly to the country’s carbon emissions. Although heat pumps are a central component of the Scottish Government’s transition strategy, the adoption rate has fallen short of expectations. This small-scale research study delves into the pressing issue of transitioning Scotland’s homes to low-zero carbon heating systems, a critical step in achieving the nation’s net-zero target by 2045. This study’s primary objective was to investigate Scottish homeowners’ attitudes and motivations surrounding heat pump adoption. It scrutinises homeowners’ decision-making processes, the factors influencing their choices, and the experiences of those who have already embraced a domestic heat pump as their primary heating source. Furthermore, this research aims to harness this user feedback to bridge information gaps, address perceived barriers, and promote the wider acceptance of heat pump technologies. Data were collected through a structured online questionnaire completed by a targeted sample of 61 Scottish homeowners who had already made the switch to heat pumps. The findings indicate that more targeted information and awareness campaigns can best help facilitate the widespread dissemination of heat pumps in Scotland, and that these should sit alongside support for current adopters. In doing so, it will be possible to ensure that the benefits of heat pumps are realised and that such benefits can be communicated to future users.",0,10.3390/su16177833,https://openalex.org/W4402372227,2024,article,en,adoption,52,abstract__51_100,1,,,,
OA0282,Achieving Net Zero: How Could User Feedback Be Leveraged to Promote Domestic Heat Pump Adoption in Scotland?,,1,10.2139/ssrn.4698736,https://openalex.org/W4390982248,2024,preprint,en,adoption,53,title_only__51_100,0,,,,
OA0288,An Industrial Heat Pump for Steam and Fuel Savings,"Currently many consumers in the India are facing with increasing shortages of electricity and petroleum gas. Prices have yet to stabilize and continue to increase as the shortages continue. What can then consumers do when facing with high heating bills and the need to stay warm and comfortable? The answer to this may come from alternate heating systems. One such alternative to current heating systems is called a heat pump. 
A heat pump is defined as an electrically driven device used to transfer heat energy from one location to another. A heat pump can be used as a heating unit, an air-conditioning unit or a water heater. Industrial heat pumps are a class of active heat-recovery equipment that allows the temperature of a waste-heat stream to be increased to a higher, more useful temperature. Consequently, heat pumps can facilitate energy savings, when conventional passive-heat recovery is not possible. The focus is on the most common applications, with guidelines for initial identification and evaluation of the opportunities being provided. Heat pump is a device that can increase the temperature of a waste-heat source to a temperature, where the waste heat becomes useful. The waste heat can then replace purchased energy and reduce energy costs. However, the increase in temperature is not achieved without cost. A heat pump requires an external mechanical- or thermalenergy source. The goal is to design a system in which the benefits of using the heat-pumped waste heat exceed the cost of driving the heat pump. Heat can be extracted from various sources such as cooling tower water or various heating sources.",0,,https://openalex.org/W2715474427,2014,article,en,consumer,54,abstract__51_100,0,,,,
OA0299,Inferring households’ heterogeneous preferences for home energy efficiency investment trade-offs: all or nothing?,,1,10.2139/ssrn.6277823,https://openalex.org/W7130692752,2026,preprint,,willingness,56,title_only__51_100,0,,,,
OA0320,Predicting the energy performance of retrofit domestic heat pumps,"Increasing the uptake of retrofit heat pumps in the UK is essential for the decarbonisation of heat in the residential sector, which will require greater certainty in the ability of heat pumps to deliver cost effective comfort conditions and carbon emissions reductions. Heat pump performance is linked to the quality of design and installation practices, and users need assurances that predicted performance can be achieved. This paper presents a sensitivity analysis of energy prediction for domestic properties against the variation of five key input variables: heat loss coefficient, set point temperature, system coefficient of performance, casual gains and fabric thermal mass. The energy prediction model used was a degree-day based simplified predictor model that explicitly models the impacts of the control regime (fixed time start, night set back or optimum start). This is a feature not typically available for widely adopted steady state energy models. Modelling forecast errors are shown to be highly significant for heat loss coefficient, set point temperature and coefficient of performance, leading to the need for greater accuracy in the accuracy of these input variables. Practical application Selection and operational control of heat pumps differ from traditional heating systems such as gas or oil fired boilers. Correct sizing of heat pumps is much more critical to their operational performance than other systems, and design methods require more certainty in their forecasting of economy and carbon emissions, especially for retrofit applications. This paper indicates the range of input errors that can occur, and the impacts of these on performance forecasts.",0,10.1177/01436244251388619,https://openalex.org/W4415443427,2025,article,en,uptake,59,abstract__51_100,1,,,,
OA0321,Using water in distillation systems heat pumps,"Conventional steam-heated distillation columns are among the largest energy consumers in a chemical process industries (CPI) plant. More and more distillation columns are, therefore, being equipped with heat pumps. In many cases, this is done not only to reduce energy costs, but also for safety and operational reasons. Most heat pumps in industrial-scale evaporation or distillation plants employ steam ejectors, direct vapor recompression, or an auxiliary heat-transfer medium. An earlier article covered the various alternatives for heat-pump-assisted distillation. This article takes an in-depth look at heat pumps with an auxiliary medium, specifically those employing water. The article provides some general background on heat-pump-assisted distillation, discusses the advantages and disadvantages of using water as the heat-transfer medium, highlights the range of possible applications, and illustrates the technology and its potential energy savings via several examples.",0,,https://openalex.org/W125916409,1993,article,en,consumer,59,abstract__51_100,1,,,,
OA0322,A high-resolution spatio-temporal energy demand simulation to explore the potential of heating demand side management with large-scale heat pump diffusion,,1,10.1016/j.apenergy.2018.12.052,https://openalex.org/W2904413655,2018,article,en,uptake,60,title_only__51_100,1,,,,
OA0323,Assessing the performance of ground source heat pumps in neighboring medium-size households,"The Master's programme Industrial Ecology is jointly organised by Leiden University and Delft University of Technology. This research project was done during an internship of 8 months completed with Royal Dutch Shell within the department of Future Energy Technologies of The Netherlands. It is focused on a case study of a medium size house (2202) situated in The Hague, NL and the neighboring households with the same characteristics along the same street. Homes in the Netherlands are likely to have their heat requirements fulfilled by conventional natural gas systems due to the relatively cheap cost compared to other systems (installation and investment wise) that could have a lower carbon footprint. However, innovative installations could make other more environmentally friendly systems as accessible as conventional systems. The Netherlands as one of the European member states have the goal of reducing CO2 emissions to accomplish their Kyoto targets; however, The Netherlands was not able to meet this target by 3.24% (target of 200.4 megaton CO2-eq). Besides, there is a general lack of financial incentives, making it in many cases an obvious decision to keep and use standard fossil fuel energy systems (both large- and small-scale) regardless of the environmental impact they may have. The building energy consumption sector provides a great opportunity and focus area for trying to reduce even more those emissions, and efforts have been made to introduce into the market more environmentally friendly systems. Until now, exploitation of geothermal shallow energy using a Ground Source Heat Pump (GSHP) has generally been limited to large commercial / industrial units. One reason for this is that the technology used for obtaining the geothermal energy and raising it to an appropriate temperature for the heat requirements of a typical house requires a big space for its installation which in turn proves to be a disruptive and complex process that requires the use of heavy and bulky machinery which immediately translates in a restriction for small homes. Innovations for installations of Ground Source heat pumps are starting to appear in the market, giving the possibility and the opportunity to install those systems in smaller areas, with less disruption and lower investment costs, although some concerns may arise when considering the thermal interference between the boreholes. This project examined the geological characteristics of the case study as determined by a Thermal Response Test (TRT) where parameters such as the thermal conductivity, the thermal resistance and the thermal diffusivity of the ground were obtained. Furthermore, the heat requirements of the test house were calculated with real data obtained during a year between 2012 and 2013 in order to determine the size of the system that would be required for each one of the houses assuming they all have the same demand throughout the year, having a peak demand for a winter day of 16 KW and an average demand of 10 KW in the winter months. Calculations of the length required of every Borehole Heat Exchanger (BHE) and the distance between them were made for the area of each house assuming no thermal interference. The first set of results indicated that a BHE length of 268 m would be needed, and with borehole thermal interference introducing a temperature penalty calculated with an analytical model, the length required increased to 332 m, 68 m more. After this a proposed design of borehole arrangement is suggested for the test house considering the space constraints. Calculations on the Economic and Environmental advantage from Ground Source Heat Pump (GSHP) compared to a Gas Boiler is done, taking into consideration two scenarios for the GSHP, 1) with a Seasonal Performance Factor (SPF) of 3.5 and 2) with a SPF of 3.0. Domestic gas and electricity price fluctuations over the past years were included, extrapolating this behavior for the years 2015 and 2020. Gas prices are considered to have changed 9% per year given the data from 1996 – 2013. Having extrapolated the prices, calculations are done on running costs and investment cost, to give the payback times when considering current power and gas prices for 2015 and 2020. The current situation (2013) seems the more expensive moment for having the system with a payback time of 24 years however a GSHP system in 2020 with electricity and gas prices following a 9% increase for gas prices would take just 8 years to have the investment back. For the environmental performance the Dutch footprint of power generation is calculated for the average predicted trends of different scenarios in the future for European power generation where GSHP with a SPF of 3.5 in 2020 seems to have the best Carbon Footprint advantage of all with 59% advantage of the compared systems. Recommendations are made in order to come up with connected scenarios of Dutch power and natural gas to have a coherent and timely understanding of GSHP and other renewable systems in the Dutch heating market for the coming years. Further recommendations are made in order to have a clear understanding on all the interrelated factors that have an impact on the efficiency, feasibility and performance of GSHP systems and how this research project could be broadened.",0,,https://openalex.org/W1154097,2013,article,en,household,60,abstract__51_100,1,,,,
OA0324,Conversion of the UK gas system to transport hydrogen,"One option to decarbonise residential heat in the UK is to convert the existing natural gas networks to deliver hydrogen. We review the technical feasibility of this option using semi-structured interviews underpinned by a literature review and we assess the potential economic benefits using the UK MARKAL energy systems model. We conclude that hydrogen can be transported safely in the low-pressure pipes but we identify concerns over the reduced capacity of the system and the much lower linepack storage compared to natural gas. New hydrogen meters and sensors would have to be fitted to every building in a hydrogen conversion program and appliances would have to be converted unless the government was to legislate to make them hydrogen-ready in advance. Converting the gas networks to hydrogen is a lower-cost residential decarbonisation pathway for the UK than those identified previously. The cost-optimal share of hydrogen is sensitive to the conversion cost and to variations in the capital costs of heat pumps and micro-CHP fuel cells. With such small cost differentials between technologies, the decision to convert the networks will also depend on non-economic factors including the relative performance of technologies and the willingness of the government to organise a conversion program.",0,10.1016/j.ijhydene.2013.03.070,https://openalex.org/W2026142704,2013,article,en,willingness,60,abstract__51_100,1,,,,
OA0325,Decarbonising heat with optimal PV and storage investments: A detailed sector coupling modelling framework with flexible heat pump operation,"This paper analyses optimal electricity investments (PV and battery storage) to decarbonise heat supply in residential buildings under different heat pump and energy retrofitting scenarios in a detailed representation of the Swiss power and heating system. The sensitivity of PV and storage deployment, including lithium-ion (LiB) and vanadium redox flow batteries (VRFB), with respect to distribution network capacity is also investigated. We propose an open-source dispatch sector coupling model (GRIMSEL-AH) to minimise energy system costs (social planner perspective) for heating and electricity supply in Switzerland with hourly and daily time resolution for electricity and heating respectively. Moreover, our representation of the Swiss energy system includes various types of consumers and urban settings which are represented with monitored electricity demand data for each sector and simulated heat demand data at the building level for the residential sector. We find that under a “business as usual” heat pump deployment and retrofitting rate, the optimal electricity investments correspond to 27.8 GWp of PV combined with 16.9 GW (33.8 GWh) for LiB and 1.9 GW (7.6 GWh) for VRFB. For this case, 57% (13.3 TWth/year) of the residential heat demand is covered by heat pumps with a total installed capacity of 19.7 GWth by 2050 (capacity exogenously set with its operation optimised). With increasing heat pump deployment, retrofitting rates are found to have a large impact on the investment in storage and a 100% heat pump scenario for the residential sector appears to be feasible. Our results show that heat pumps do not only decarbonise heat but also provide extra flexibility to the power system, since they increase local PV self-consumption, resulting in higher PV deployment. The model and the methodology presented in this study can be applied to other countries.",0,10.1016/j.apenergy.2020.116110,https://openalex.org/W3098116714,2020,article,en,consumer,60,abstract__51_100,1,,,,
OA0326,"Development of efficient, flexible and affordable heat pumps for supporting heat and power decarbonisation in the UK and beyond: Review and perspectives",,1,10.1016/j.rser.2021.111747,https://openalex.org/W3208098732,2021,article,en,barrier,60,title_only__51_100,1,,,,
OA0327,A new methodology of studying the dynamics of water sorption/desorption under real operating conditions of adsorption heat pumps: Experiment,,1,10.1016/j.ijheatmasstransfer.2007.10.042,https://openalex.org/W2068666716,2008,article,en,uptake,61,title_only__51_100,1,,,,
OA0328,Combined Heat Pump and Solar Collector Application,,1,10.1007/978-3-031-11051-1_44,https://openalex.org/W4309195471,2022,conference-paper,en,consumer,61,title_only__51_100,1,,,,
OA0329,Energieffektivisering av fördelningsstationer : Kartläggning och energieffektiviseringsförslag för fyra av Umeå Energi Elnäts fördelningsstationer,"Energy efficiency for distribution stations The aim of this thesis is to investigate in which solutions that could be profitable when efficient the heating of distribution stations at Umea Energi since those are heated with direct electric heating today. The aim of this study was also to estimate the energy spent on heating today. To calculate this some power measurements has been done in one of the stations. To get an idea of ​​the need for heating per year, a heat loss calculation on the distribution stations has been made. The calculation is then used as the base for comparison of various heating methods and their environmental impact. The heating methods that were compared was direct electricity, pellets, air/air heat pump and air/water heat pump. The result shows that the best overall solution is to install air/air heat pump that will reduce energy use about 40% without having to spend an unreasonable amount of money or time on maintenance. A lowering of temperature inside the distribution stations should be seen as a first step. For some stations should additional insulation be considered necessary before changing the heating method. A drop in temperature along with additional insulation and installation of air/air heat pumps reduces energy consumption to less than half in all cases. In summary, there is great potential for energy efficiency of distribution stations, how far one is willing to go depends on what can be seen as economically reasonable.",0,,https://openalex.org/W601570773,2012,article,sv,willingness,61,abstract__51_100,1,,,,
OA0340,Investigation of boilers energy alternative outside the region of Nanjing heating supply,"In this paper,boiler utilization situations outside the thermal power plant heating supply region are investigated from respects of geographic distribution,industry distribution,electricity use distribution and power energy alternative willing for the investigated persons and conduct a in-depth research taking the boiler alternative of Egret Hotel as an example.The boiler alternative is technically and economically compared with the current air-source heat pump units from the one-time investment costs and annual operating costs.The recommendations and experience are put forward for energy alternative.",0,,https://openalex.org/W2373287564,2010,article,en,willingness,63,abstract__51_100,0,,,,
OA0341,THE ADOPTION & WELFARE EFFECTS OF LOW-INCOME HEAT PUMP INCENTIVES,"This research estimates the impact of means-tested incentives on heat pump adoption rates. We exploit the differences in subsidies between two utility service territories in Benton County, Washington to identify the adoption impacts of new incentives using spatial discontinuity and within-household panel analysis. Additionally, a series of analytical tests are then used to identify opportunities for policy improvement. We find that targeted incentives may drive some additional heat pump adoption among eligible households, but these effects are very small, and unlikely to overcome countervailing market forces. Additionally, consistent with theory, we find that newer incentives are more likely to drive additional technology adoptions than older, existing policies. We further also assess the calibration of the targeted incentives in terms of rebate levels for each group, and eligibility thresholds. Here, we find that cost-neutral progressive shifts may produce higher adoption but only at the extremes. Finally, we discuss the ramifications of our findings on future targeted incentive policies for heat pumps and other technologies. This research lays the groundwork for more detailed assessments to compare the emissions impact and cost of abatement of targeted and non-targeted policy programs.",0,,https://openalex.org/W7129184319,2025,dissertation,en,adoption,63,abstract__51_100,0,,,,
OA0342,Analyzing the Application of Heat Pump Units in Heat Supply Systems,"The article discusses matters concerned with the use of heat pump units (HPUs) in systems for reclaiming the secondary energy resources of industrial low-temperature thermal technological processes and in heat supply systems of buildings. Data on the sales of HPUs in different European countries are given, from which it can be seen that there is a significant lag in the use of HPUs for heat supply systems in the Russian Federation. Different HPUs are classified by cycles and by low-grade heat sources. The basic circuit diagram of an HPU applied in the system involving the use of waste water low-grade heat is presented. As an example, a heat pipe can be used instead of an electrically driven pump for transporting intermediate heat carrier from the source of low-grade heat (LGHS) to the HPU evaporator. The graph of heat fluxes (constructed in consistency with the heat carrier temperatures) in transferring heat from the LGHS to the consumer and the heat balance for an element of the system containing an HPU are given. Methods for determining the energy efficiency from applying an HPU are analyzed through the use of the heat transformation (conversion) coefficient and the exergetic efficiency, which takes into account not only the amount of produced heat, but also its quality in terms of temperature level. It is shown that, if additional energy is spent for transporting heat from the low-grade heat source to the HPU evaporator, these energy expenditures must be taken into account in determining the energy efficiency of the system containing an HPU. In case of using electric and other types of energy, it is advisable to use such indicators as the cost of energy carriers and the expenditures of equivalent fuel for producing these kinds of energy in determining the system’s energy efficiency. It is shown that in case of using fossil fuel to produce electricity and heat for the operation of the HPU’s electrically driven compressor, the heat conversion coefficient in the HPU should be well above 2.32. The results of implemented projects in which the performance of HPU-based heat supply systems was investigated are given. An analysis of the obtained results shows that a number of implemented projects feature low energy efficiency, a circumstance that does not allow the cost of their construction to be compensated. It is shown that the energy conversion coefficient depends on the required temperature for a consumer, on the cold source temperature, on the working fluid thermodynamic properties and the HPU thermodynamic cycle features, on the HPU design technical perfection, on the type of energy expenditures for driving the compressor, and on the method for transporting heat from the low-grade source. For securing high efficiency of HPU-based heat supply systems (HSS), it is necessary to have a low-grade heat source with the highest temperature and a heat consumer with the lowest temperature of the used heat carrier. The availability of convenient low-grade heat sources that would (i) have a sufficiently high temperature both in winter and in summer, (ii) not require high expenditures for transferring them and (iii) not cause corrosion of heat exchangers and pipes is one of the most important conditions for using an HPU for heat supply purposes. Matters concerned with the use of HPU-based HSS under specific conditions require a thorough preliminary feasibility study. The heat transformation (conversion) coefficient in an HPU is by no means a universal factor that can be used as the determining one in assessing the energy efficiency of using an HPU-based HSS. It must also be borne in mind that the cheapest available type of energy should be used for driving the HPU compressor and for transporting low-grade heat from the source to the HPU evaporator. In a number of cases, the most efficient way of driving the HPU compressor consists in using the energy of excess pressure available in energy carriers (gas, steam, water, etc.) or the mechanical energy of internal combustion engines, gas turbine plants and similar devices. When using electrically driven HPUs, it is recommended to adjust the ratio of tariffs for electricity and heat in order to reduce the ratio of electricity prices to the price of heat.",0,10.24160/1993-6982-2018-2-42-52,https://openalex.org/W2809272617,2018,article,en,consumer,64,abstract__51_100,0,,,,
OA0343,Heat Pumps and Household Energy Consumption in Norway: An actor-network and practice theory approach,"The aim of this project is to determine how heat pumps, as technical objects, impact energy consumption in Norwegian homes. Much of the previous research on energy consumption has focused on what motivates users to reduce their energy use, for example better billing information or knowledge of the environmental benefits. This study approaches the question of domestic energy consumption by bringing the technology that actually uses the energy to the foreground. The study uses actor-network theory in conjunction with practice theory to examine the role of heat pumps in the network of household energy-using practices, with a particular focus on home-heating. The aim is to shed light on how these practices might be shaped by heat pump technology, and vice-versa. The study utilises key concepts from ANT, namely the concepts of technological scripts and agency, to conceptualise heat pump technology. This conceptualisation is then employed in an examination of the role of heat pumps in the network of household activities, which is approached from a practice theory perspective. Members from 15 households in the Oslo/Akershus area were interviewed about the use of their heat pump and the other methods used for heating their home. The research questions guiding these interviews were: How do heat pumps, as technical objects, influence the way people use them? Are heat pumps used in the ways intended by their design? And how do homes with heat pumps use other forms of heating? The interaction between the user and the heat pump is discussed with a focus on how the nature of this interaction affects energy consumption. The study also incorporates an examination of the wider context of this energy use, namely the heating related practices taking place in the households studied.",0,,https://openalex.org/W2177082957,2013,dissertation,en,household,64,abstract__51_100,0,,,,
OA0344,"Interactions between the physical soil environment and a horizontal ground coupled heat pump, for a domestic site in the UK",,1,10.1016/j.renene.2012.01.080,https://openalex.org/W2064272928,2012,article,en,uptake,64,title_only__51_100,0,,,,
OA0345,Social acceptance of renewable energy technologies for buildings in the Helsinki Metropolitan Area of Finland,,1,10.1016/j.renene.2016.07.006,https://openalex.org/W2491818882,2016,article,en,willingness,64,title_only__51_100,0,,,,
OA0346,Cost optimal analysis of heat pump technology adoption in residential reference buildings,,1,10.1016/j.renene.2013.06.013,https://openalex.org/W2045739038,2013,article,en,adoption,65,title_only__51_100,0,,,,
OA0347,Decarbonising the rental housing market: An experimental analysis of tenants’ preferences for clean energy features of residential buildings,"End-use electrification has been identified as one of the most promising strategies for decarbonizing the building sector. While there is significant growth of distributed solar photovoltaics (PV), heat pumps and electric vehicles (EV) in many countries, the majority of this trend has been driven by high-income households, often owners of single-family homes. Further diffusion of clean energy technologies in buildings depends on addressing additional market segments, such as tenants who represent a large part of the population. We conducted a choice experiment with N = 1′005 Swiss tenants to investigate their preference for clean energy features when choosing an apartment. Inspired by the Theory-of-Planned-Behaviour, we tested the influence of Perceived Behavioral Control and Social Norms on respondents' preferences. We find that tenants express a positive willingness-to-pay for well-insulated apartments, and strongly prefer heat pumps over fossil heating. Furthermore, adding rooftop solar PV increases tenants' likelihood to choose an apartment, while an EV-charging-station is only preferred in combination with solar PV. 55.7% of tenants would also be willing to co-invest in rooftop PV. Our findings have important policy implications: Active involvement of tenants could be a key element of a just energy transition and opens opportunities for innovative business models. Highlights • Choice experiment (N = 1005) with randomized informational treatment. • Swiss tenants have a clear preference for renewable heating. • Solar photovoltaic (PV) installation increases likelihood to rent an apartment. • Tenants would like to see electric vehicle (EV) charging combined with solar power. • Policies for tenants' investment in rooftop PV support inclusive energy transition.",0,10.1016/j.enpol.2024.114472,https://openalex.org/W4405746238,2024,article,en,willingness,65,abstract__51_100,0,,,,
OA0348,Economic Benefits of Integrating Solar-Powered Heat Pumps Into a CHP System,"As a promising distributed energy resource, solar-powered heat pumps (SPHPs) can achieve significant system benefits. On the one hand, the accommodation of solar generation can be highly improved on the demand side. On the other hand, SPHPs can efficiently provide heat energy for consumers, which reduces the operational costs of central heat supply from combined heat and power (CHP) units. In this paper, a planning framework is developed to evaluate the economic benefits of integrating SPHPs into a CHP system. The framework is formulated as a bilevel market equilibrium model. On the upper level, given the locational marginal prices (LMPs) and district heating prices (DHPs), the consumers at different buses will strategically invest in SPHPs. Thus, the net electric and heating loads vary with the investment in the SPHPs. On the lower level, LMPs are updated by direct current optimal power flow, and DHPs are updated by a cost-plus pricing method. Because of the nonlinearity of this market equilibrium problem, an algorithm is proposed to iteratively solve the bilevel model, and a criterion is designed to achieve a desired solution. Case studies based on the IEEE 14-bus and 118-bus systems demonstrate that by investing in SPHPs on the demand side, the operational costs of CHP systems can be effectively reduced in both the electric and heating sectors.",0,10.1109/tste.2018.2810137,https://openalex.org/W2794416907,2018,article,en,consumer,65,abstract__51_100,0,,,,
OA0349,HEAT PUMPS AND BUILDINGS - ENERGY EFFICIENT HEATING AND COOLING,"European governments have committed to significantly reduce the carbon footprint of new and existing homes. It is therefore generally accepted that: increasing the uptake of renewable energy systems and improving the thermal performance of both new and existing homes is critical if Europe is to achieve ambitious emission targets. Heat pumps offer the possibility of reducing energy consumption significantly, mainly in the building sector. Taking different applications of heat pumping technologies several items have to be taken into consideration like drive energy, design of the unit, integration into a system and the control strategy. The efficiency of the unit commonly expressed by the COP, the coefficient of performance. This COP depends on the refrigerant selected and on the components used like the compressor, the size and the design of condenser and evaporator, the flow sheet – single stage, two stage, economiser or cascade – and the internal cycle control. The choice of the refrigerant is most commonly a compromise between efficiency and cost, smaller equipment using a high-pressure working fluid can reduce the cost, a working fluid with low discharge temperatures can avoid a two-stage system. With highly efficient systems the advantages of thermodynamic heating and cooling can be demonstrated and used for reducing the energy demand significantly. Heat pumps are one of the key technologies for energy conservation, increasing the share of renewable energy used and reducing CO2 emissions.",0,,https://openalex.org/W3041451814,2013,article,en,uptake,65,abstract__51_100,0,,,,
OA0350,Modelling the carbon-saving performance of domestic ground-source heat pumps,,1,10.1016/j.enbuild.2008.12.002,https://openalex.org/W2075259784,2008,article,en,barrier,65,title_only__51_100,1,,,,
OA0351,Theoretical and Experimental Investigation of Mass and Heat Transfer in the Drum in Household Heat Pump Laundry Dryers,"In addition to the increasing environmental awareness in Europe, Eco-design requirements and related legal regulations increase the competition in the durable consumer goods market.From the point of view of domestic dryers, the increase in energy efficiency has accelerated with the integration of the heat pump system into domestic tumble dryers.The price competitive design of these systems makes it important to model these systems and bring them to the most appropriate performance level.In this study, the effects of air flow, drum speed, drying capacity and compressor speed on heat and mass transfer in the drum were investigated in domestic heat pump dryers.Tests were carried out at 3 different load types, drum speed, air flow and compressor speed.As a result of the tests, the air and mass transfer coefficients in the drum were calculated.It has been observed that the parameter that most affects the heat and mass transfer coefficient in the drum is the load capacity.Load capacity is followed by compressor speed, air flow rate and drum speed, respectively.",0,10.11159/jffhmt.2022.004,https://openalex.org/W4285280189,2022,article,en,household,65,abstract__51_100,1,,,,
OA0352,A Probabilistic Model for Characterising Heat Pump Electrical Demand versus Temperature,"The introduction of electric heat pumps as an alternative to gas based systems for space heating offers a potential pathway for reducing the carbon emissions produced to meet domestic heating demand in the UK. The adoption of heat pumps has the potential to significantly re-shape typical domestic load profiles, however uptake within the UK is currently limited and the effects of wide-scale adoption on distribution networks is not well understood. Heat pump demand is highly sensitive to temperature, lessening load profile diversity, but is also influenced by behavioral routine and is therefore not entirely deterministic. This study develops a probabilistic demand model from real customer heat pump data for translating electrical heat pump demand/air temperature relations to account for regional variation. A LV network heat pump penetration study is performed to demonstrate how residential network impact can be assessed using the model.",0,10.1109/isgt-europe47291.2020.9248942,https://openalex.org/W3104003953,2020,conference-paper,en,uptake,66,abstract__51_100,1,,,,
OA0353,Heat Pump Use in the Federal Republic of Germany,"Heat pump prices remained rather high although the large number of producers prevented the emergence of an oligopolistic market. Legal confusion, complex administrative regulations and subsidy programs, and an uncertain cost outlook seem to form important barriers to a more rapid adoption of heat pumps, especially by individual house-owners. Heat pump systems compete with many other heating systems. This differentiates their development process from the one of their technical twin, refrigeration systems. The chapter looks at governments, energy suppliers, producers, installers, consumers, and ecologists and their views of the situation, their problems, and plans. It shows that governmental institution-building is open to improvement in a number of areas. The consequence of the governmental support strategy could therefore be the generation of substantial initial technical and product breakthroughs relatively early on in the branch development process. Electricity and gas distribution companies play a decisive role in the further shaping and spreading of heat pump use.",0,10.4324/9780429269769-6,https://openalex.org/W2945709841,2019,book-chapter,en,barrier;consumer,66,abstract__51_100,1,,,,
OA0354,Social and market acceptance of photovoltaic panels and heat pumps in Europe: A literature review and survey,"This paper examines the main non-technical factors that influence social and market acceptance of solar photovoltaic panels and heat pumps in buildings. The paper discusses results from a literature review and a survey of European stakeholders. Statistical analysis results of survey data identify the most common barriers to adoption of renewables as: limited information about the technology, financial concerns, and sociodemographic factors. Survey results indicate variability in market and social acceptance of renewables between stakeholders and countries. The investment cost of the technologies is identified as a barrier to adoption for all countries. Legal and organizational issues are identified as barriers in Spain. Economic and legal barriers are identified as barriers in Latvia and Belgium. The respondents from Germany only identify investment cost as a barrier. Economic aspects are identified as the main barriers among public building owners and the general public. Businesspeople identified the largest number of barriers, including economic aspects, lack of information, trust, business models, and legal issues, while private building owners identified the least number of barriers, with concerns only related to economic aspects. Results of this study provide valuable information for policymaking focused on increasing the adoption of renewables in the building sector. Additionally, this study identifies the need to increase environmental awareness among citizens and increase the availability of information about technologies to stakeholders. Citizens should be informed about the recoupment of the investment costs of the technologies to offset the perception of high investment costs, long payback time, and lack of proper business models.",0,10.1016/j.rser.2021.111867,https://openalex.org/W3216420619,2021,article,en,barrier,66,abstract__51_100,1,,,,
OA0355,Soft Sensors for Estimating Laundry Weight in Household Heat Pump Tumble Dryers,"The laundry weight of the loaded in the drum of a laundry treatment machine is an important piece of information; laundry weight can be used to set various washing/drying cycle parameters and to optimize performances and efficiency. Unfortunately, dedicated weight sensors cannot be included in consumer laundry equipment given the related costs. For this reason, we present in this work a soft sensor approach for estimating laundry weight based on sensors already in place in a laundry treatment equipment; in particular, we consider here a heat pump tumble dryer as case study. The proposed soft sensor is based on regularization, a popular approach in Machine Learning to provide models without overfitting the training data. Different studies are provided in this work, by considering different constrains on timing and complexity of the Soft Sensor solution. The developed Soft Sensors have been tested on laboratory data provided by an industrial partner.",0,10.1109/coase.2018.8560522,https://openalex.org/W2905331783,2018,conference-paper,en,household,66,abstract__51_100,1,,,,
OA0356,Switching from Fossil Fuel to Renewables in Residential Heating Systems: An Empirical Study of Homeowners’ Decisions in Germany,,1,,https://openalex.org/W3124015246,2013,preprint,en,willingness,66,title_only__51_100,1,,,,
OA0357,The Work to Make a Heat Pump Work – Investigation into the Adoption of Domestic Heat Pumps through Social Practice and Complex Systems,"To reach net-zero greenhouse gas emissions by 2050, the UK government is replacing domestic gas boilers with heat pumps, necessitating an understanding of the challenges faced by users in adopting this new technology. We surveyed 50 early adopters of heat pumps and conducted 23 follow-up interviews to explore their experiences of installation and adaptation. Using Thematic Analysis, we identified key themes within the framework of social practice theory, highlighting important implications for enhancing heat pump installation and adoption processes. Our findings suggest that improved infrastructural support, user education, and adaptive design can enhance engagement and satisfaction, shaping future policy and design strategies for renewable home energy systems. We aim to further understanding on the complexities of heat pump adoption and offer strategies to support a smoother transition to sustainable heating within the home.",0,10.1145/3715335.3735461,https://openalex.org/W4413062641,2025,conference-paper,en,adoption,66,abstract__51_100,1,,,,
OA0358,Advanced cooling heat pump and desalination employing functional UiO-66 (Zr) metal-organic frameworks,,1,10.1016/j.enconman.2020.112825,https://openalex.org/W3019437402,2020,article,en,uptake,67,title_only__51_100,1,,,,
OA0359,Carbon and energy cost impacts of electrification of space heating with heat pumps in the US,,1,10.1016/j.enbuild.2022.111910,https://openalex.org/W4210645913,2022,article,en,consumer,67,title_only__51_100,1,,,,
OA0370,"Combined energetic, economic and climate change assessment of heat pumps for industrial waste heat recovery",,1,10.1016/j.apenergy.2022.118854,https://openalex.org/W4221106978,2022,article,en,barrier,69,title_only__51_100,0,,,,
OA0371,Domestic demand-side response on district heating networks,"Results are presented from a field study that deployed demand-shifting technology on a sample of 28 homes connected to a district heating (DH) network in England over the winter of 2015/16. The study’s aim was to improve the load factor of the participating households. This has the potential to improve the attractiveness of DH and accelerate the roll out of DH networks. Capital costs are lowered by reducing required boiler capacity and pipework sizes. Operational costs are reduced by increasing the coverage of the primary plant and reducing heat losses and pumping energy. The interventions were found to increase the load factor of the participating homes from 0.29 to 0.44. This led to an increased energy demand of approximately 3%; however, the estimated network cost savings exceed this amount. While some participants noted the altered operation of their heating systems and expressed concern, the majority indicated they would be willing to participate in a commercial scheme for a small financial reward. In addition to specific insights for the deployment of demand shifting on DH networks, the results provide general lessons for the utilization of building thermal inertia for demand shifting.",0,10.1080/09613218.2018.1426314,https://openalex.org/W2793946201,2018,article,en,willingness,69,abstract__51_100,0,,,,
OA0372,Environmental footprint analysis of domestic air source heat pumps,"Air source heat pumps (ASHP) are increasingly being recognised as a low carbon alternative to traditional fossil fuel type heating systems for residential buildings, with many countries targeting their mass deployment to meet their emissions reduction goals. However, the environmental impacts of ASHPs throughout their entire life cycle to include manufacture and end-of-life, as well as operation, have not received comprehensive attention to date. This study addresses this gap by conducting a review of research quantifying the life cycle impact of domestic ASHPs, coupled with an examination of technology uptake and deployment. By analysing the entire life cycle, from production to end-of-life, the ASHP's global warming potential is estimated to be 35.8 t CO2 equivalent over the lifetime of 17 years identified by the study. Additionally, the study conducts a comparative analysis of the operational footprint of selected countries based on their electricity carbon footprint and the ratio of embodied to operational footprint, which ranges from 4 to 65, indicating potential for improvement. Furthermore, the study calculates the global warming potential using both the seasonal performance factor specified by a heat pump manufacturer and real-world field trial data. The findings unveil a significant disparity of 20% between the two methodologies, underscoring the paramount importance of incorporating in-field heat pump performance data when evaluating their environmental impact.",0,10.1016/j.rcradv.2024.200217,https://openalex.org/W4396607760,2024,article,en,uptake,69,abstract__51_100,0,,,,
OA0373,"HEAT PUMPS, HEATING SYSTEMS FOR INTELLIGENS BUILDINGS",One of the most important research directions in the building sector is reducing the energy consumption.In Hungary the residential sector is the biggest energy consumer with 32% from the total energy consumption of the country.One possibility to decrease the energy consumption for heating is using renewable energy sources.In this paper a short description of the heat pump technology is presented.Also the results of some measurements are shown which were done at the autonomous house build.,0,10.15660/auofmte.2011-3.2355,https://openalex.org/W2779577869,2011,article,en,consumer,69,abstract__51_100,0,,,,
OA0374,Theoretical Analysis on a Household Heat Pump Water Heater With Immersed Condenser Coil,"In this study, a coupling model between the water tank with immersed condenser coil and the vapor compression system was developed in ANSYS fluent for simulating the heat transfer between the refrigerant in condenser and water in the storage tank. Further study was performed to analyze the effect of condenser coil location on the heating process. The results indicated that, when the condenser coil is placed in a lower part of the water tank, a higher water velocity can be observed. From the testing results, when the condenser coil is placed in the lower part of the water tank, the convective heat transfer is better than the other positions.",0,10.4018/978-1-7998-8801-7.ch013,https://openalex.org/W4225275799,2022,book-chapter,en,household,69,abstract__51_100,0,,,,
OA0375,Electrification of processes and technologies for Danish Industry: Elforsk project 350-038:Final Report,"The development of the Danish energy system tends towards significantly increasing production of electricity from renewable sources – in particular wind power. Hence, the energy system will be extensively electrified. 20% of the energy is used in industrial processes, which may be an important focus area for electrification. The project has analyzed the potential realization of optimal substitution of process heating in industry based on combustion of fossil fuels with fully electricity-based heat. The main purpose of the project was to analyze and identify substitution of process heat from fossil fuels as currently used in industry with electricity-based heat. The project has analyzed how processes in specific industries are best converted to electricity-based heating, and as a consequence may increase efficiency and flexibility. Electrification can take place indirectly by conversion to fuels based on power-to-X, or directly by converting to electricity-based heating, by heat pumps or electric heating. This project focuses on the latter. Heat pumps are highly efficient, but are limited by e.g., temperature, while electric heating provides a potential for flexibility, in particular when using storage. The project includes detailed analyses of processes found in pectin production, milk powder production, brewing, plastics production and steam laundry. These cases may be seen as representative for a significant share of the manufacturing industry and involve options for process integration as well as high temperature processes. Throughout the project, a procedure for investigating electrification potential has been developed. This involves mapping the individual energy-demanding processes, analyzing the potential for heat recovery by process integration, assessing the potential for using alternative technologies, defining electrification scenarios, calculating electrified process scenarios with a focus on energy, economics and CO2 emission. The method has been continuously developed throughout the project but has been used on the basis of the same basic idea. The method has been used both for the overall analysis of the industry and for the individual cases. The presented analyzes show that electrification is possible and technically feasible for a significant part of the Danish industrial process heating needs. It has been found that the need for fuels can be reduced to 10% of the current use, while the remaining use can be electrified. This in turn will reduce the need to about two-thirds of the current one. For some of the case studies, e.g. milk powder and pectin production, full electrification can take place through energy integration, use of mechanical steam compression, heat pumping and electric heating. Current heat pump technology allows temperatures up to 100 °C, but the technology needs further development for higher temperatures. From this perspective, the available low temperature sources for the heat pumps are also important, as temperature lift significantly affects the performance of the heat pump. The project has contributed with overall electrification plans for some of the cases, primarily pectin production. Part of this has involved assessment of technology from SAN Electro Heat for direct heating of processes that cannot use heat pumps and the need for further development of these. For Labotek, a new solution has been developed during the project for drying plastic granulate with recovery of excess heat. This solution is implemented in Labotek’s products and in operation in the industry. A further development of the solution with a heat pump has been analyzed and could provide further process improvement. The project has thus found a significant potential for electrification in Danish industry. The project also includes an analysis of bottlenecks in the conversion to electrification, which should be included in the picture. These are grouped as being economic, technical, organizational or risk-related. They include technical limitations in current heat pump technology and costs of conversion, but also requirements for security of supply and the company’s willingness to convert to a large extent and to use less well-known technology. For industrial production, the potential for sector coupling by using electricity flexibly is less clear. The industry will most often need to utilize the capacity for process heating fully with a high number of operating hours per year, but for batch processes and by investing in extra capacity, it is possible to utilize the potential for energy storage provided that it does not affect the final product, e.g. due to temperature changes. From an economic perspective the electrification is feasible for a number of the analyzed cases. However, full electrification will require further development of technology and frame conditions related to investment and operating cost as well as possible subsidies and taxation related to greenhouse gas emission. In this respect, it is important to keep in mind that electricity production in Denmark presently causes greenhouse gas emissions, and that sustainable electrification requires significant development of the electricity system.",0,,https://openalex.org/W3168410768,2021,book,en,willingness,70,abstract__51_100,0,,,,
OA0376,Impact of Smart Hydronic System with Heat Pump on Electricity Load of a Typical Queensland Household,,1,10.1007/978-3-031-33906-6_14,https://openalex.org/W4387111062,2023,book-chapter,en,household,70,title_only__51_100,0,,,,
OA0377,The exhaust air heat recovery heat pump for residential applications in Canada,,1,10.1016/0198-7593(84)90005-5,https://openalex.org/W2040982500,1984,article,en,consumer,70,title_only__51_100,0,,,,
OA0378,Thermodynamic characteristics of a Brownian heat pump in a spatially periodic temperature field,,1,10.1007/s11433-010-0181-3,https://openalex.org/W2040230385,2010,article,en,barrier,70,title_only__51_100,0,,,,
OA0379,Contributions of heat pumps to demand response: A case study of a plus-energy dwelling,,1,10.1016/j.apenergy.2018.01.086,https://openalex.org/W2792340774,2018,article,en,consumer,71,title_only__51_100,0,,,,
OA0390,Restvärmetillförsel i Ludvikas Fjärrvärmesystem : Påverkan på befintlig värmeproduktion vid olika inkopplingsscenarier av 60°C restvärme,"Energy company Vattenfall AB has set an ambitious goal in trying to transform their business into a climate neutral and more resource effective company - all within thetime frame of one generation. Through the business concept “SamEnergi” within the heat sector, Vattenfall looks for district heating customers who are willing to sell heat at a price corresponding to Vattenfall’s own production cost. This report examines the change in ordinary heat production in the partially Vattenfall-owned district heating system in the city of Ludvika, Sweden, arising from the delivery of waste heat from a data center to the system. The data center delivers 1 MW heat at 60 degrees Celsius which is lower than the desired temperature in the district heating grid. The change in ordinary heat production is evaluated in four different scenarios where each scenario represents a way to connect the heat source to the district heating grid, so that the delivery temperature to the costumer is not affected. In two of the scenarios, the data center is placed on site of the main heat production units. For all four scenarios, the ability to deliver heat during normal annual fluctuations in flow and temperature in the district heating grid are assessed. Also, in one scenario the effecton a flue gas condenser is considered. The heat production for a normal year is then modelled and simulated using an optimization software called BoFiT, with and without the excess heat. The results show that the 1 MW excess heat is worth between 0,9 and 1,8 million SEK depending on how the heat is delivered. The lowest value of the excess heat source comes from the scenario requiring a heat pump. The other three scenarios yield similar savings on the ordinary production. The best scenario is when the waste heat is delivered together with the main production unit.",0,,https://openalex.org/W2989174028,2019,dissertation,sv,willingness,73,abstract__51_100,1,,,,
OA0391,Spatial adoption patterns of residential heat pumps and their impact on the grid,"The energy transition has great consequences for the electricity network managed by Coteq. The energy transition accelerates the use of sustainable technologies such as heat pumps, electrical vehicles, and photovoltaics. These sustainable technologies are expected to put great pressure on the electricity network. To prevent bottlenecks, Coteq needs to perform the necessary investments. In this research, we focused on the impact on medium to low voltage transformers due to the spatial diffusion of residential heat pumps. We simulated the growth of heat pumps in the service region of Coteq over space and time based on neighborhood characteristics and scenarios. This simulation provides Coteq with increased insight into the impact of the energy transition on the electricity network.",0,,https://openalex.org/W3042530933,2020,dissertation,en,adoption,73,abstract__51_100,1,,,,
OA0392,Alternative Defrost Strategies for Residential Heat Pumps,"Heat pumps are an energy efficient way to provide adequate heating to an indoor space. In contrast to electric or gas heating, a heat pump works to draw the ""free"" heat from the cold outdoor ambient and transfer thermal energy to the heated space. When the outdoor ambient is cold and humidity conditions are right, however, frost will start to develop on the heat pump’s outdoor coil. Frost on the coil surface blocks air flow through the coil thus reducing the heat pump’s efficiency and overall performance. Control of frosting and defrosting is particularly important to the successful use of heat pumps in cold climates. To restore the unit’s heating capacity and efficiency, a defrost cycle is needed to remove the accumulated frost developed on the coil. While defrosting restores heat pump efficiency, this period of operation itself requires additional power and ultimately results in an energy penalty. Improving defrost performance and/or reducing the number and duration of required defrost periods would significantly improve heat pump operation. Heat pump researchers and manufacturers have spent a great amount of effort on the topic of defrosting. A comprehensive review of efforts within the last 15 years was conducted to summarize existing defrosting technologies and identify those solutions that may be more feasible or readily commercialized to reduce the defrost penalty. This summary highlights technologies that may reduce or eliminate the negative impacts of the defrosting period including approaches using hot gas bypass, coil coatings and advanced control strategies. The potential impact of the identified technologies is energy and demand savings, improved performance for comfort, and removal of a significant barrier to widespread adoption of air-source heat pumps in all climates.",0,,https://openalex.org/W2942351603,2018,conference-paper,en,barrier,74,abstract__51_100,1,,,,
OA0393,Respiratory health of Pacific Islands immigrants and preferences for indoor air quality determinants in New Zealand,"Indoor air quality affects respiratory diseases, such as asthma, and can be altered by devices that lower dwelling humidity and raise temperature. Several countries have initiated schemes that subsidize devices such as heat pumps based on putative health benefits but the valuations of these devices by the affected populations remains unknown. We investigate preferences for devices that affect indoor air quality, dampness, and warmth, using a choice experiment with a sample of Pacific Islander immigrants in New Zealand. This is a high risk group for respiratory disease, who typically rent crowded and inadequately heated dwellings. Using both conditional logit and panel mixed logit models we find reasonably precise estimates of the willingness to pay for four improved heating and humidity control devices, which would cover the capital costs of two of the devices, and add up to about three-quarters of the cost of the other two devices.",0,,https://openalex.org/W60830758,2013,preprint,en,willingness,74,abstract__51_100,1,,,,
OA0394,Studies Of Research And Improvements On Energy Consumption Of A Household Laundry Dryer With Heat Pump,"Tez (Yüksek Lisans) -- İstanbul Teknik Üniversitesi, Enerji Enstitüsü, 2014",0,,https://openalex.org/W7139168638,2014,dissertation,,household,74,abstract__51_100,1,,,,
OA0395,Towards optimum specifications of adsorbent for heat pump and refrigeration applications,"In the prospect of manufacturing specific activated carbon adsorbent, a \nresearch work is carried out with the objective of screening a large number adsorbent models (more than 60,000) and identifying suitable ones with optimum characteristics for three applications: Ice marking (TC=35oC, TE=-5 oC), Air conditioning (TC=35oC, TE=15oC) and Heat pump (TC=40oC, TE=5oC). For each application, the driving temperature will range from 65oC to 200oC. Overall, the preliminary simulation results show that for each adsorbent model with each application, the refrigerant uptake variation has an optimum.",0,,https://openalex.org/W2484649960,2016,conference-paper,en,uptake,74,abstract__51_100,1,,,,
OA0396,Use of heat pumps in CHP with cross-connections in a context of waste heat deficit,"The article presents the enlarged calculation and analysis of typical solutions of cogeneration plant`s heat network of CHP with cross-connections using the first phase of Avtovo CHP in Saint Petersburg as an example. As a way of CHP-15 cogeneration plant scheme optimization use of vapor compression heat pumps has been chosen and also lithium bromide absorption heat pumps to decrease the heat load of boilers in the deaeration plant. As a source of low-grade heat, a return heating water has been considered, and as a consumer – feed water of heating network.",0,10.34031/es.2020.1.016,https://openalex.org/W4285582280,2020,article,en,consumer,74,abstract__51_100,1,,,,
OA0397,Can reduction of local carbon emissions motivate participation in demand-side flexibility programs? Evidence from the United Kingdom,"Increasing demand-side flexibility is important for decarbonising electricity systems with increasing intermittent and variable renewable energy. Although previous research has identified the benefit of reducing carbon emissions as a potential driver for households to provide demand-side flexibility, it is not yet clear whether households would be more willing to do so if emission reduction is achieved locally. This study conducted an online factorial survey across the UK to investigate the determinants of household willingness to participate in time-of-use and direct load control programs related to electric vehicle (EV) charging and heat pump (HP) control. The results show that respondents generally preferred the static time-of-use tariffs to more flexible charging/heating programs (e.g., vehicle-to-grid charging). However, the benefits of electricity bill savings, reduction of carbon emissions, and localisation of emission reductions can significantly motivate participation in demand-side flexibility programs. Keeping other variables constant, localisation of emission reductions could increase the likelihood of program acceptance by around 11%. This motivational effect for individual households was equivalent to annual electricity bill savings of around £200 and £80 for EV charging and HP control programs, respectively. Moreover, socio-demographic variables (e.g., age), energy consumption behaviour (e.g., monthly electricity expenditure), trust in power service suppliers, concerns over data privacy, and attitudes towards climate change and local carbon targets could also significantly influence household willingness to provide demand-side flexibility. • Local carbon emission reduction explored for motivating domestic flexibility. • Online factorial survey conducted of 994 households across the United Kingdom. • Static tariffs are preferred; flexibility can encouraged by a wide range of factors. • Local carbon emission “willingness to accept” equivalent increases by £80–£200.",0,10.1016/j.apenergy.2025.125610,https://openalex.org/W4408395691,2025,article,en,willingness,75,abstract__51_100,1,,,,
OA0398,Hosting capacity assessment of heat pumps and optimised electric vehicle charging on low voltage networks,,1,10.1016/j.apenergy.2021.117093,https://openalex.org/W3169688584,2021,article,en,uptake,75,title_only__51_100,1,,,,
OA0399,Numerical simulation for the optimum design of ground source heat pump system using building foundation as horizontal heat exchanger,,1,10.1016/j.energy.2014.06.108,https://openalex.org/W2053012328,2014,article,en,barrier,75,title_only__51_100,1,,,,
OA0400,Performance jointly test of heat pump water heater with household solar heating,,1,10.3969/j.issn.1002-6819.2011.2.046,https://openalex.org/W2906340873,2011,article,en,household,75,title_only__51_100,0,,,,
OA0401,The adoption of ground source heat pumps at multiple scales in North America,"In North America, space heating, hot water, and air conditioning use more secondary energy than any other activity within buildings, thus emitting the majority of scope 1 and scope 2 Greenhouse Gases (GHG). The Ground Source Heat Pump (GSHP) uses one-third the energy of traditional technologies to provide space conditioning and hot water services. While GSHP is a well-established technology, the energy savings and lower GHG emissions have not translated into their widespread adoption. Public policy measures and financial incentives adopted to promote GSHP have failed to lead to broad adoption or lower costs. This thesis examines the adoption of GSHP in response to supportive policies among residential, institutional, and city-scale adopters. Detailed site-level and panel data permit natural experiments on the response of residential adopters in Canada and the US to changing incentives. At higher scales, regulatory proceedings concerning the offering of Thermal Energy Services (TES) has provided a case study for analysis of utility models to finance GSHP for commercial and institutional clients. In Canada and the US, financial incentives failed to sustain the adoption of GSHP throughout or after the period of subsidy among residential households. Neither did incentives lead to a decrease in price over time. Free-ridership problems in Canada and an inability to make inroads to areas served by natural gas have stranded GSHP technology. Further, the capital cost of GSHP results in a higher lifecycle cost than most alternatives. The economy-wide benefits of financial incentives for GSHP are limited in Canada, where most heat pumps are imported. TES provide compelling innovations to bridge barriers at higher scales. TES overcome balance sheet constraints on debt common to public sector organizations by financing capital equipment and renovations as utility payments. TES can overcome capital constraints faced by developers by financing equipment inside the building lowering construction costs. However, our case study of public procurement reveals TES to be a costly approach in the long run. The insights from this research are translated into best practices and policy advice to improve contracting, increase awareness, and align incentives for greater efficiency.",0,10.14288/1.0223152,https://openalex.org/W2526551685,2016,dissertation,en,adoption,75,abstract__51_100,0,,,,
OA0402,Environmental impact and cost allocations for a dual product heat pump,,1,10.1016/j.enconman.2018.07.100,https://openalex.org/W2887660006,2018,article,en,consumer,76,title_only__51_100,0,,,,
OA0403,Experimental Study and Techno-Economic Analysis of Household PVT Heat Pump Poly-Generation System,,1,10.1007/978-981-13-9528-4_127,https://openalex.org/W3011405391,2020,conference-paper,en,household,76,title_only__51_100,0,,,,
OA0404,Fighting the climate crisis with caloric heat pumping: Innovations to enable widespread adoption,,1,10.1557/s43581-024-00121-2,https://openalex.org/W4404396209,2024,article,en,adoption,76,title_only__51_100,0,,,,
OA0405,Regulation of the sodium pump: how and why?,,1,10.1016/0968-0004(87)90235-0,https://openalex.org/W2057119319,1987,review,en,uptake,76,title_only__51_100,0,,,,
OA0406,Research on regional air conditioning load aggregation model and control strategy,"With the increase of regional air conditioning load, factors such as user comfort, willingness and controllability continue to affect the load side demand. In order to improve the accuracy of the air conditioning load aggregation model, user comfort, willingness and controllability have to be considered, and system operation, market transaction and user power consumption data have to be integrated to improve the load side big data analysis ability. This paper proposes a regional air conditioning load aggregation model considering the influence of multiple factors, and chooses Qiantang District of Hangzhou as the research area to accurately forecast the air conditioning load, and puts forward appropriate control strategies. The results show that when considering the probability of electricity consumption at each time, the load peaks twice at 15:00 and 24:00. Through data mining, it is found that the regional air conditioning load control strategy can be formulated by time-sharing and scenario-specific. According to the principle of adjustable load priority and adjustable air conditioner type priority, the design is based on the adjustable load total and the control simplicity, and the three types of air conditioning are matched with multi-line VRV air conditioner, air-cooled heat pump and water machine unit.",0,10.1117/12.3024666,https://openalex.org/W4396854714,2024,conference-paper,en,willingness,76,abstract__51_100,0,,,,
OA0407,HOUSEHOLD AND WHOLE SYSTEM ASSESSMENTS OF GROUND-SOURCE HEAT PUMP DEPLOYMENT FOR DOMESTIC HEAT DECARBONISATION IN THE UK,,1,10.52202/077185-0107,https://openalex.org/W4404472083,2024,conference-paper,en,household,77,title_only__51_100,0,,,,
OA0408,New Approach in Adsorption Reactor Design for Refrigeration and Heat Pumps Applications,"Most adsorbents used in reactors of adsorption refrigeration and heat pump systems are often initially manufactured for different applications namely drinking water treatment, waste water treatment, gas storage, gas and liquid filtration or separation in industrial processes, dehumidification process. Furthermore there will be a requirement of mapping of refrigerant specific uptake against operating conditions mainly temperatures and pressure: this will require to a large number of experimental data for the pair studied (adsorbent-refrigerant) characterisation. Therefore, the adsorbents found in the market will not necessary offer optimum performance for adsorption refrigeration and heat pumps applications. In order to address this issue and in the prospect of manufacturing specific activated carbon adsorbent, a research work is carried out at Warwick University with the objective of screening a large number adsorbent models (more than 60,000) and identifying suitable ones with optimum characteristics for three applications: Ice marking (TC = 35oC, TE = -5oC), Air conditioning (TC = 35oC, TE = 15oC) and Heat pump (TC = 40oC, TE = 5oC). For each application, the driving temperature will range from 90oC to 250oC. The method consists of using Dubinin-Astakhov modified equation [1] and establishing the maximum refrigerant uptake variation for each application. For this purpose the three key parameters of adsorbent-refrigerant will be varied: xo (maximum uptake of refrigerant by the adsorbent in kg refrigerant per kg of adsorbent) from 0 to 1; K (energetic affinity characteristic of adsorbent-refrigerant pair) from 1 to 50 and n (characteristic of adsorbent micro-pores size distributions) varies from 0 to 6. Overall, the preliminary simulation results show that for each adsorbent model with each application, the refrigerant uptake variation has an optimum (Fig. 1). Furthermore and as expected at high temperature, those optima values are tailed off by the maximum uptake of refrigerant xo (Fig. 2): it is therefore appropriate and practical to consider 90% to 95% of the value for n and K selection. Figure 3 is an illustration of specific cooling capacity for Air conditioning application. Future simulation work will also include evaluation of both heat desorption and heat of adsorption therefore the coefficient of performance (COP). Before any attempting of manufacturing any sample of a given model of activated carbon, further additional work will include simulation performance of a full model of adsorption refrigeration and heat pump systems already available [2, 3]. References [1] Z. Tamainot-Telto, S.J. Metcalf, R.E. Critoph, Y. Zhong, R.N. Thorpe, “Carbon-Ammonia pairs for adsorption refrigeration applications: ice making, air conditioning and heat pumping”, International Journal of Refrigeration, 32 (6), pp. 1212-1229, ISSN 0140-7007 (2009) [2] Z. Tamainot-Telto, S.J. Metcalf, R.E. Critoph, Novel compact sorption generators car air conditioning, International Journal of Refrigeration, 32 (4), pp. 727-733, ISSN 0140-7007 (2009) [3] S.J. Metcalf, R.E. Critoph, Z. Tamainot-Telto - Optimal cycle selection in carbon-ammonia adsorption cycles – International Journal of Refrigeration, 35 (3), pp. 571-580, ISSN: 0140-7007 (2012).",0,10.5339/qfarc.2016.eepp2795,https://openalex.org/W2484618783,2016,conference-paper,en,uptake,77,abstract__51_100,0,,,,
OA0409,"Policy, consumers, and technology transitions in decarbonization: Insights from transport, home heating, and solar photovoltaics","This thesis examines the roles of greenhouse gas emissions reduction policy, consumer preferences and technology adoption intentions, and technology transitions in decarbonization, using Canada as a case study.By linking policy analysis with empirical insights on consumer preferences and willingness to adopt pro-environmental technologies, as well as electricity system material sustainability, this research improves understanding of the policy opportunities and barriers to decarbonization.The thesis consists of four distinct research papers.In the first paper, I review the history of climate policymaking in British Columbia (BC) and the City of Vancouver, two leaders globally in subnational climate policy.Focusing on the transportation and buildings sectors, I identify key gaps in recent policy plans and outline possible solutions for meeting future emissions reduction targets.My second and third papers focus on understanding consumer decision-making regarding home heating decarbonization, with a focus on electric heat pumps.In the second paper, I use survey data to compare heat pump owners and non-owners in BC, finding differences in attitudinal, contextual, and socio-demographic factors.In my third paper, I zoom out to the level of Canada but focus solely on households that currently use fossil fuel-powered heating systems.Using latent class modelling on stated preference data, I evaluate heterogeneity of heating system preferences by estimating willingness-to-pay values for different heating technologies and technology attributes.These analyses suggest that a majority of homeowners are open to switching to electric heat pumps; however, a significant portion of the market remains highly averse to the technology.As home heating and other sectors undergo electrification, solar photovoltaics (PV) are expected to play an important role in meeting rising electricity demand.However, largescale PV deployment raises concerns about critical mineral requirements and future waste implications.In my fourth paper, I use material flow modelling to assess how solar PV subtechnology market shares and recycling rates influence critical mineral demand and waste in Canada to 2060 under a net-zero emissions future.I find exponential growth in material demand and waste, with shifts in sub-technology altering both the scale and type of critical minerals required.Through the supply of secondary materials, recycling could reduce primary demand for solar PV critical minerals by approximately 50% in 2060.",0,,https://openalex.org/W7139345693,,article,en,willingness,77,abstract__51_100,0,,,,
OA0410,Trigger point adoption: Ownership change as a factor in the adoption of ground source heat pumps in residential buildings,"Small-scale renewable energy technologies (S-RET) adoption has become a popular area of study in order to aid global transition towards a sustainable built environment through the reduction of greenhouse gases. Factors attributed to this adoption process are quite extensive. However, within these studies, ownership is often either viewed as a static concept that can serve as a barrier when the home conditions are not ideal or includes the fluidity of changing ownership as a threat for the possibility of loss in investment. However, by aligning S-RET adoption studies with the concept of trigger points, which are key moments in the building history when energy upgrades can be performed, then a new understanding of ownership change emerges as a significant opportunity for improving the energy efficiency of the existing building stock through 'trigger point S-RET adoption'. This summarizes the theoretical framework which guide this thesis and is the basis of the research questions it aims to answer. \n \nThe first finding of this thesis confirmed that the occurrence of ownership change after 2009 increases the likelihood of subsequent S-RET adoption in the residence by 1.8x. This result is established through a confirmatory binomial logistic regression model utilizing data on ground source heat pump installations, building information, and buildings sales for detached homes in Espoo, FI. Therefore, not only does this result confirm that ownership change is an important factor when considering adoption theory, it warrants a further exploration into the concept of ownership change serving as a trigger point for S-RET adoption. \n \nThe second finding grows upon the identification of trigger point adoption evident in the data as occurring within two years following ownership change. By applying these cases of trigger point adoption as the dependent variable in an exploratory binomial logistic regression model, a clearer understanding of what leads to trigger point adoption emerges. This model utilizes only those buildings which have experienced ownership change after 2009 in order to establish the significant differences between the characteristic of the building at the time of the sale. The results find that the likelihood of trigger point adoption occurring is positively affected by the increase in age of the building, the occurrence of the sale in 2013 and 2014, and negatively affected by the residence being classified as being in “good” condition. A clearer picture of who the trigger point adopter is emerges from these results and how this relates to the existing understanding presented in current research and policy. \n \nFinally, these findings are discussed for their implications for the existing building stock, intermediaries, policy, theory, and future research.",0,,https://openalex.org/W2975508115,2019,dissertation,en,adoption,77,abstract__51_100,0,,,,
OA0411,USING A HEAT PUMP TO COVER PEAK HEAT LOADS IN HARSH CLIMATES,"Most modern heat pump installations can only generate a maximum temperature of 50-55�C. This temperature potential is not sufficient to integrate them with existing convective and radiator-based space heating systems in severe climates. This paper discusses the findings from an experimental study evaluating the efficiency of a fan coil-based air heating system. Using a peaking boiler fueled by natural gas from the main supply has been shown to be the most cost-effective method for generating thermal energy with peak-load heating systems. For consumers without access to the main gas supply, a heat pump system that heats the room air by extracting heat from the ground through a well system is significantly more efficient than any other heating system options available. One significant drawback of this system is its substantial upfront capital expenditures, which are significantly higher � more than 5 times � than those of all other viable alternatives. These technical solutions become viable (with a payback period of less than 10 years) when energy prices rise significantly, by more than an order of magnitude.",0,10.5593/sgem2024/4.1/s17.29,https://openalex.org/W4404991413,2024,conference-paper,en,consumer,77,abstract__51_100,0,,,,
OA0412,Design of Household Carbon Dioxide Heat Pump Controller Man-Machine Interface Based on C8051F500,"Carbon dioxide heat pump controller using carbon dioxide phase transition theory, in conjunction with the heat pump main controller and man-machine interface, can realize the user free on the regulation of water temperature. The carbon dioxide heat pump controller design of a human-computer interface. The control core with C8051F500 MCU as the main body of the system, has a unique memory function, including function: display module, key module, clock module, communication module, power module, and the heat pump main control board through the CAN bus. Through the experiment, the system is stable and reliable, has the features of functional diversity, humanization design, can promote household CO2 heat pump.",0,10.4028/www.scientific.net/amr.945-949.2606,https://openalex.org/W2051318811,2014,article,en,household,78,abstract__51_100,0,,,,
OA0413,Development and Performance Validation of a Heat Pump Water Heater,"Heat pump water heater was designed and a prototype was developed and constructed. The performance of the heat pump water heater prototype is described by presenting some experimental test data. The experimental measurements include temperature, flow rates, and power consumption. The testing procedure consisted of evaluating the recovery rate and the coefficient of performance (COP) of the system. The results strongly indicate that heat pump water heater system design is very practical and it provides the consumer with a more efficient hot water heater alternative.",0,10.1115/imece2006-13468,https://openalex.org/W2041183428,2006,conference-paper,en,consumer,78,abstract__51_100,0,,,,
OA0414,Performance analysis of ground source heat pumps for buildings applications,"Geothermal heat pumps (GSHPs), or direct expansion (OX) ground source heat pumps, are a highly efficient renewable energy technology, which uses the earth, groundwater or surface water as a heat source when operating in heating mode or as a heat sink when operating in a cooling mode. It is receiving increasing interest because of its potential to reduce primary energy consumption and thus reduce emissions of GHGs. The main concept of this technology is that it utilises the lower temperature of the ground (approximately <32°C), which remains relatively stable throughout the year, to provide space heating, cooling and domestic hot water inside the building area. The main goal of this study is to stimulate the uptake of the GSHPs. Recent attempts to stimulate alternative energy sources for heating and cooling of buildings has emphasised the utilisation of the ambient energy from ground source and other renewable energy sources. The purpose of this study, however, is to examine the means of reduction of energy consumption in buildings, identify GSHPs as an environmental friendly technology able to provide efficient utilisation of energy in the buildings sector, promote using GSHPs applications as an optimum means of heating and cooling, and to present typical applications and recent advances of GSHPs. The study highlighted the potential energy saving that could be achieved through the use of ground energy sources. It also focuses on the optimisation and improvement of the operation conditions of the heat cycle and performance of the GSHP. It is concluded that GSHP, combined with the ground heat exchanger in foundation piles and the seasonal thermal energy storage from solar thermal collectors, is extendable to more comprehensive applications.",0,,https://openalex.org/W1571961391,2012,dissertation,en,uptake,78,abstract__51_100,0,,,,
OA0415,Scalable identification and control of residential heat pumps: A minimal hardware approach,,1,10.1016/j.apenergy.2021.116544,https://openalex.org/W3128993182,2021,article,en,barrier,78,title_only__51_100,0,,,,
OA0416,Switching from Fossil Fuel to Renewables in Residential Heating Systems: An Empirical Study of Homeowners’ Decisions in Germany,,1,10.2139/ssrn.2413400,https://openalex.org/W229407719,2014,preprint,en,willingness,78,title_only__51_100,0,,,,
OA0417,What matters for the racial disparity in clean heating technology adoption? Evidence from U.S. heat pumps,,1,10.2139/ssrn.4530147,https://openalex.org/W4385560016,2023,preprint,en,adoption,78,title_only__51_100,0,,,,
OA0418,‘Try this and see if it works for you’: A new perspective on household improvisation and responses from heat pump supply-side actors,"This paper innovates in the relationship between sustainable technology suppliers and users, using the example of heat pumps. Heat pumps are necessary for energy transitions in Europe. However, in everyday life in households, heat pumps are often not used as the technology developers intended. This discrepancy presents a challenge for heat pump supply-side actors such as manufacturers and resellers. This paper first presents a design perspective on user improvisation and highlights its value for innovation. We synthesized the perspective in a sensitizing video. We then employed this video to engage with nine supply-side professionals in the Dutch heat pump value network and conducted semi-structured interviews with them to understand their responses to improvisation. We categorized their responses and identified the factors influencing the choice of response. We identify ten different responses and nine motivating factors. We then interpret the responses in the light of our design perspective on user improvisation to highlight areas for socio-technical innovation in the relationship between the heat pump supply and use sides. This innovation can support heat pump uptake and satisfaction and thus improve the quality and rate of renovations.",0,10.1016/j.enbuild.2025.115725,https://openalex.org/W4409452175,2025,article,en,uptake,79,abstract__51_100,0,,,,
OA0419,Experimental study of water heating modes by a heat pump,"Based on experimental studies, a comparison of the performance indicators of the “air-to-water” type heat pump under capacitive and flow-through modes of heating water in a tank-condenser was made. A detailed description of the design features of the experimental heat pump and the measurement scheme are given. The dependences of the change in the operational parameters of the heat pump thermodynamic cycle when the tank-condenser operation mode change during the entire period of water heating are obtained. It was detected that, in terms of energy indicators, a capacitive non-stationary mode of heating water is preferable to flow-through one. At the same time, the flow-through mode allows heating water without changing the parameters of the thermodynamic cycle, and water is always ready for use by the consumer.",0,10.1109/khpiweek51551.2020.9250148,https://openalex.org/W3112955910,2020,conference-paper,en,consumer,79,abstract__51_100,0,,,,
OA0470,Ground-source heat pump case studies and utility programs,"Ground-source heat pump systems are one of the promising new energy technologies that has shown rapid increase in usage over the past ten years in the United States. These systems offer substantial benefits to consumers and utilities in energy (kWh) and demand (kW) savings. The purpose of this study was to determine what existing monitored data was available mainly from electric utilities on heat pump performance, energy savings and demand reduction for residential, school and commercial building applications. In order to verify the performance, information was collected for 253 case studies from mainly utilities throughout the United States. The case studies were compiled into a database. The database was organized into general information, system information, ground system information, system performance, and additional information. Information was developed on the status of demand-side management of ground-source heat pump programs for about 60 electric utility and rural electric cooperatives on marketing, incentive programs, barriers to market penetration, number units installed in service area, and benefits.",0,10.2172/105884,https://openalex.org/W2108401191,1995,report,en,barrier;consumer,88,abstract__51_100,0,,,,
OA0471,Insights from modeling dynamics of water sorption in spherical particles for adsorption heat pumps,,1,10.1016/j.ijheatmasstransfer.2016.09.079,https://openalex.org/W2531927812,2016,article,en,uptake,88,title_only__51_100,0,,,,
OA0472,Solar energy and heat pumps - A possible substitute for fossil fuels for heating private households,,1,,https://openalex.org/W3130903837,1979,article,en,household,88,title_only__51_100,0,,,,
OA0473,Use of Sustainable Energy Systems in Educational Institutions,"Educational institutions like other public and private organizations should try to eliminate their carbon footprint for the achievement of the ambitious 2050 target of net-zero carbon emissions. Several mature, reliable and cost-effective sustainable energy technologies can be used in these institutions replacing the use of fossil fuels and reducing their carbon emissions. Solar energy, wind energy and biomass can be used for heat and electricity generation replacing the use of oil, gas and grid electricity. Additionally, various low-carbon emission technologies including heat pumps, co-generation systems, fuel cells, district heating systems and power storage technologies can be also used in them. The combined use of these technologies in schools, colleges and universities can replace the current use of conventional energy sources reducing or completely eliminating their carbon emissions. The abovementioned benign energy technologies are already used commercially in several sectors proving their reliability and cost-effectiveness. It has been indicated that a plethora of green energy technologies can be used in educational institutions eliminating their carbon footprint achieving the desired global 2050 target of net-zero carbon emissions. Our results could be useful to policy makers and to the authorities of schools, colleges and universities who are willing to promote their environmental sustainability, achieving economic benefits and offering valuable educational opportunities to students.",0,10.47191/etj/v9i10.23,https://openalex.org/W4404072848,2024,article,en,willingness,88,abstract__51_100,0,,,,
OA0474,Appraising the life cycle costs of heating alternatives for an affordable low carbon retirement development,,1,10.1016/j.seta.2021.101693,https://openalex.org/W3211140598,2021,article,en,willingness,89,title_only__51_100,0,,,,
OA0475,Mechanisms of Ocean Heat Uptake along and across Isopycnals,"Abstract Warming of the climate system accumulates mostly in the ocean and discrepancies in how this is modeled contribute to uncertainties in predicting sea level rise. In this study, regional temperature changes in an atmosphere–ocean general circulation model (HadCM3) are partitioned between excess (due to perturbed surface heat fluxes) and redistributed (arising from changing circulation and perturbations to mixing) components. In simulations with historical forcing, we first compare this excess–redistribution partitioning with the spice and heave decomposition, in which temperature anomalies enter the ocean interior either along isopycnals (spice) or across isopycnals (heave, without affecting the temperature–salinity curve). Second, heat and salinity budgets projected into thermohaline space naturally reveal the mechanisms behind temperature change by spice and heave linked with water mass generation or destruction. Excess warming enters the ocean as warming by heave in subtropical gyres whereas it mainly projects onto warming by spice in the Southern Ocean and the tropical Atlantic. In subtropical gyres, Ekman pumping generates excess warming as confirmed by Eulerian heat budgets. In contrast, isopycnal mixing partly drives warming and salinification by spice, as confirmed by budgets in thermohaline space, underlying the key role of salinity changes for the ocean warming signature. Our study suggests a method to detect excess warming using spice and heave calculated from observed repeat profiles of temperature and salinity.",0,10.1175/jcli-d-21-0793.1,https://openalex.org/W4223518733,2022,article,en,uptake,89,abstract__51_100,0,,,,
OA0476,Prioritize your heat pump or electric vehicle? Analysing design preferences for Direct Load Control programmes in Swiss households,"Direct Load Control (DLC) of heat pumps and electric vehicles (EVs) could offer great potential to decarbonize the distribution grid network by aligning demand with intermittent renewable technologies as well as avoiding congestion during peak times. However, little is known about consumer preferences for different designs of a DLC programme and their reasonings. To address this gap, this study investigates the preferences for the design of DLC programmes for heat pumps and EVs, using a discrete choice experiment on a sample of 556 respondents residing in Switzerland. We then propose a theoretical framework to provide insights into the underlying reasons such as social-psychological factors and perceptions for those preferences. We applied a multinomial logit analysis to elicit the preferences and found that overall sample was more sensitive to financial incentives for the DLC for heat pumps whereas more sensitive to the overriding option for the DLC for EVs. We then estimated a latent class choice model to explore the heterogeneity in preferences, identifying three distinct classes that vary in their preferences of different attributes. The model suggests that the preferences for the design are influenced mainly by perceived concerns related to being too dependent on the DLC programmes, trust in the utility company that they are transparent when providing information, attitude towards and knowledge on DLC programmes. Utilities will need to carefully address these issues in the programme design to ensure a widespread acceptance.",0,10.1016/j.erss.2021.102319,https://openalex.org/W3204849208,2021,article,en,household,89,abstract__51_100,0,,,,
OA0477,Data-driven soft sensors targeting heat pump systems,"The development of smart sensors, low cost communication, and computation technologies enables continuous monitoring and accumulation of tremendous amounts of data for heat pump systems. But the measurements, especially for domestic heat pump, usually suffer from incompleteness given technical and/or economic barriers, which prevents database of measurements from being exploited to its full potential. To this end, this work proposes a data-driven soft sensor approach for compensating multiple missing information. The soft sensors are developed based on an ANN model, an integrated multivariate polynomial regression model and empirical model by considering different constrains like data and information availability during model establishing process. All the three models have been validated against the data from a field test installation, and showed good performance for all the compensated variables. Of the three models, the ANN model shows the best performance for all soft sensors, but it has the highest requirement for additional resources to collect training data. While the integrated multivariate polynomial regression model demonstrates excellent accuracy for the majority of soft sensors with manufacturers’ subcomponent data which needs no extra cost. Even though empirical model is not as accurate as the other two models, it still performs good accuracy with limited information from performance map. The methods developed in the present study paves the way for available measured data in thousands of installations to be fully utilized for innovative services including but not limited to: improved heat pump control strategies, fault detection and diagnosis, and communication with local energy grids.",0,10.1016/j.enconman.2023.116769,https://openalex.org/W4319065389,2023,article,en,barrier,90,abstract__51_100,0,,,,
OA0478,"Effects of Technological Development and Electricity Price Reductions on Adoption of Residential Heat Pumps in Ontario, Canada","Home heating accounts for most of residential energy use in Canada. While natural gas, oil-fired furnaces, and electric resistance are the dominant heating system choices, heat pumps have become a viable alternative. Heat pumps with lower minimum operating temperatures and better performance are increasing both their effectiveness and their number of hours of useful service. In this study, we apply System Dynamics to analyze the effects of technological development on the rate at which homeowners adopt residential air source heat pumps. We test the effects of low, moderate and high rates of technological development, as well as reduced electricity and carbon pricing on the predicted rate of adoption in Ontario. From the perspective of the use stage in life cycle assessment, we estimate energy savings and greenhouse gas emissions reductions. We predict that using heat pumps will substantially reduce overall energy consumption, and in Ontario, where electricity is generated with little use of fossil fuels, it will also reduce greenhouse gas emissions.",0,,https://openalex.org/W3014818974,2017,article,en,adoption,90,abstract__51_100,0,,,,
OA0479,"Investigating a servicisation model for the use and instillation of solar water heaters in Cape Town, South Africa","South Africa is experiencing an energy shortage and volatile supply of electricity. This situation is placing pressure on businesses and citizens and is opening avenues into the renewable sector. This study investigates servicisation as a potential means to assist in the alleviation of energy consumption on the national power grid, and answers whether servicisation in the solar water heating sector could pose as a viable business venture. The main research goal was to investigate whether servicisation within a housing estate could be favourably received. The majority of residents in this high-income bracket were more willing to invest their own capital in renewables rather than being provided with a solar water heater through servicisation. Knowledge of solar water heating is extremely poor amongst consumers, and this contributes to the lack of penetration of solar water heaters in the industry to date. To further exacerbate the situation, installations are often poorly executed, leading to negative experiences by consumers. Initially it was assumed that post 2012, all homes built would be installed with solar geysers or heat pumps, due to legislation. However, surprisingly this was not the case, as a large portion of homes built between 2012 & 2013 have not complied with this legislation.",0,,https://openalex.org/W2170829611,2015,article,en,willingness,90,abstract__51_100,0,,,,
OA0480,Optimal dispatching of household air-source heat pump heating system considering thermal comfort,"The use of electric energy substitution technology on the demand side provides a low-carbon solution for energy supply, which is more efficient and environmentally friendly. In order to analyze the economic impact of the indoor temperature set-point on the air-source heat pump heating system considering the thermal comfort, this paper proposed an optimal dispatching method that aims at the lowest daily operating cost. Firstly, a model combined an air-source heat pump heating system and a building was established. Secondly, an optimized dispatching model with the lowest daily operating cost as the goal was built. Finally, a typical case was built and study. And based on weather information released by the Meteorological Station, the system was optimally scheduled at the hour level on a typical day in winter by changing the indoor temperature set-point. Numerical studies demonstrate that the use of the optimized scheduling method proposed in this paper can significantly reduce the electric bill of the air-source heat pump heating system. It will provide customers with a guideline to save electric bill.",0,10.1016/j.egypro.2018.12.035,https://openalex.org/W2920912866,2019,conference-paper,en,household,90,abstract__51_100,0,,,,
OA0481,Spatiotemporal Variability of Tropical Cyclone–Induced Ocean Heat Uptake and Its Effect on Ocean Heat Content,"Abstract Tropical cyclones (TCs) can pump heat downward into the ocean through inducing intense vertical mixing. Many efforts have been made to estimate the TC-induced ocean heat uptake (OHU), but spatiotemporal variability of TC-induced OHU remains unclear. This study estimates the TC-induced OHU, which takes into account the heat loss at the air–sea interface during TC passage compared to previous studies and investigates the spatiotemporal variability of TC-induced OHU and its potential impacts on ocean heat content (OHC) during the period 1985–2018. It is found that the spatial distribution of OHU is inhomogeneous, with the largest OHU occurring in the northwest Pacific, and category 3–5 TCs contribute approximately 51% of the total global OHU per year. The annually accumulated TC-induced OHUs in the regional basins exhibit pronounced interannual variability, which is closely related to the TC power dissipation index (PDI). By decomposing PDI into TC intensity, frequency, and duration, we find that the TC characteristics influencing OHU variability vary by basin. Correlation analyses suggest that the interannual variations of OHUs are linked to El Niño–Southern Oscillation (ENSO). In addition, the OHU might have the potential to influence OHC variability, especially in the equatorial eastern Pacific where there are significant positive correlations between the OHU and OHC with lags of 2–6 months. This has an important implication that TC-induced OHU might have potential effects on ENSO evolution.",0,10.1175/jcli-d-22-0595.1,https://openalex.org/W4319591759,2023,article,en,uptake,90,abstract__51_100,0,,,,
OA0482,The effect of air humidity on the exergy efficiency of domestic heat pumps,,1,10.1016/j.enconman.2020.113054,https://openalex.org/W3039276422,2020,article,en,consumer,90,title_only__51_100,0,,,,
OA0483,Acoustic and Vibration Considerations in the Rapid Adoption of Air-Source Heat Pump and Modular Cooling System,"Decarbonization initiatives are accelerating the deployment of air-source heat pumps (ASHPs), which share many acoustic and vibration characteristics with air-cooled chillers. As adoption grows, engineers face increasing complexity in balancing airflow performance, capacity requirements, and sound mitigation. Large single-unit ASHPs and modular multi-unit arrays each present unique acoustic profiles: while modular systems typically reduce per-module sound output, they introduce additional vibration paths and structural load interactions. These challenges are further heightened in seismic and high-wind regions, where support systems must accommodate both mechanical isolation and code-driven structural stability. A unitized isolation frame has emerged as a practical tool to address these issues, providing a stable, consistent foundation that supports system-level vibration control, simplifies installation, and allows source-applied noise treatments to function independently of equipment geometry. This paper will examine lessons learned from ASHP applications, compare acoustic signatures between modular and monolithic systems, and discuss integration strategies for vibration isolation in structural environments.",0,10.3397/nc_2026_0090,https://openalex.org/W7171112907,2026,conference-paper,en,adoption,91,abstract__51_100,0,,,,
OA0484,Experimental Investigation on a Reversible Heat Pump for a Passenger Car,"This paper summarizes the first results of a research project dealing with the development of a reversible heat pump for a passenger car. Heat pump systems appear to be a more efficient alternative to electrical resistance heaters for the purpose of heating the car indoor environment. Heat pump systems could be easily implemented into cars by allowing the air-conditioning system to run in reverse. In order to check the technical feasibility of a reversible heat pump system, and to point out technical barriers, a prototype was built and tested. Experimental data was also used to calibrate and validate simulation models of components. A heat pump system model was finally built to investigate the operating conditions of the system. The first part of the paper describes the test rig (architecture, components, and measurement devices) and the experimental campaign. Performance of components (compressor, evaporator, condenser and heater core) is evaluated in terms of variation with the operating conditions. The second part of the paper presents the steady-state semi-empirical models of the components. Such lumped models retain and concentrate the main physical phenomena inherent to the components into successive elementary processes (pressure losses, heat transfers, etc.). They require a limited number of parameters that can be identified based on experimental data. The calibration and the validation of the proposed component models are detailed. Finally, an overall simulation model of the reversible heat pump system is proposed and used to evaluate the energy performance of the system as function of the operating conditions.",0,,https://openalex.org/W95798841,2012,conference-paper,en,barrier,91,abstract__51_100,0,,,,
OA0485,Field Performance of Heat Pump Water Heaters in the Northeast,"Heat pump water heaters (HPWHs) are finally entering the mainstream residential water heater market. Potential catalysts are increased consumer demand for higher energy efficiency electric water heating and a new Federal water heating standard that effectively mandates use of HPWHs for electric storage water heaters with nominal capacities greater than 55 gallons. When compared to electric resistance water heating, the energy and cost savings potential of HPWHs is tremendous. Converting all electric resistance water heaters to HPWHs could save American consumers 7.8 billion dollars annually ($182 per household) in water heating operating costs and cut annual residential source energy consumption for water heating by 0.70 quads. Steven Winter Associates, Inc. embarked on one of the first in situ studies of these newly released HPWH products through a partnership with two sponsoring electric utility companies, National Grid and NSTAR, and one sponsoring energy efficiency service program administrator, Cape Light Compact. Recent laboratory studies have measured performance of HPWHs under various operating conditions, but publically available field studies have not been as available. This evaluation attempts to provide publicly available field data on new HPWHs by monitoring the performance of three recently released products (General Electric GeoSpring(TM), A.O. Smith Voltex(R), and Stiebel Eltron Accelera(R) 300). Fourteen HPWHs were installed in Massachusetts and Rhode Island and monitored for over a year. Of the 14 units, ten were General Electric models (50 gallon units), two were Stiebel Eltron models (80 gallon units), and two were A.O. Smith models (one 60-gallon and one 80-gallon unit).",0,10.2172/1238325,https://openalex.org/W4232437648,2016,report,en,consumer,91,abstract__51_100,0,,,,
OA0486,Importance of Groundwater Flow on Life Cycle Costs of a Household Ground Heat Pump System in Japan,,1,10.11322/tjsrae.18-45ac_oa,https://openalex.org/W2950169938,2018,article,en,household,91,title_only__51_100,0,,,,
OA0487,"Is there a ""continental shelf pump"" for the absorption of atmospheric CO2?","Based on the results obtained in the East China Sea, we propose a new term, Continental Shelf Pump, as a mechanism for the absorption of atmospheric CO2. We investigated the carbonate system of the East China Sea along a single observation line traversing its central part on 5 cruises in various seasons. The directly observed fugacity of CO2 dissolved in the surface water decreased with decreasing salinity and temperature as well as nutrient content. The relation has been expressed as a simple equation of these 3 parameters. Putting the observed data on the parameters in the various parts of the East China Sea in various months into this equation, we have obtained 55 ± 5 ppm as an annual mean fugacity deficit of CO2 in the surface water of the East China Sea, which nearly equals the directly measured mean fugacity along the observation line. The net absorption flux estimated from the fugacity deficit has agreed with the amount of carbonate transported out of the East China Sea calculated for the distributions of total dissolved carbonate and alkalinity. The distributions of density and total dissolved carbonate reveal the cause of this large deficiency, described as follows. The shallower shelf zone is more cooled than the open sea when heat is lost from the surface. This cooling produces denser water, which together with photosynthetic activity, accelerates the absorption of CO2 in the shelf zone. The absorbed CO2 is transformed to organic carbon and regenerated especially at the shallow bottom. Isopycnal mixing (advection and diffusion) transports the denser coastal water, especially the bottom water enriched in dissolved and particulate carbon, into the subsurface layer of the open oceans. The transport continues in the layer below the pycnocline even in the warm season and maintains the low fugacity of CO2 in the surface water of the shelf zone. This is the continental shelf pump. The pump would account for a net oceanic uptake of CO2 of 1 GtC/ yr, if the world continental shelf zone would absorb the atmospheric CO2 at the rate observed in the East China Sea.",0,10.3402/tellusb.v51i3.16468,https://openalex.org/W1983747596,1999,article,en,uptake,91,abstract__51_100,0,,,,
OA0488,Research on Low-Frequency Load Shedding Control Strategy Based on Model Predictive Control,"Flexible loads, particularly those related to temperature control, represent a valuable resource for frequency regulation. With the substantial integration of renewable energy sources, the frequency regulation capability on the power supply side has declined, urgently necessitating research into frequency regulation on the load side. However, current research primarily focuses on the frequency decline phase, with limited investigation into the control of temperature-controlled loads during the frequency recovery phase. This paper proposes a low-frequency load shedding control strategy based on Model Predictive Control (MPC). Firstly, taking air-source heat pump loads as an example, we establish both the physical model of the load and its MPC model. Subsequently, for the frequency decline phase, we set power reduction values based on an assessment of disturbance magnitude. During the load recovery phase, a sequential load restoration strategy is proposed based on user willingness and load conditions. Finally, the effectiveness of the proposed strategy is validated through co-simulation using DIgSILENT/PowerFactory and MATLAB software on an enhanced IEEE 9-bus system model, demonstrating significant improvement in system frequency dynamics.",0,10.1109/icpst65050.2025.11088681,https://openalex.org/W4412742979,2025,conference-paper,en,willingness,91,abstract__51_100,0,,,,
OA0489,Adoption of renewable heating systems and thermal energy communities in the Netherlands: An empirical study,"Renewable heating systems (RHS), such as solar thermal, geothermal, heat pumps, wood pellets, biomass, are essential to reduce dependence on fossil fuel-based heating systems and resulting CO2 emissions. Despite their benefits in terms of CO2 emissions, the widespread adoption of RHS has yet to be achieved. This paper aims to get insights into the intention to adopt RHS in the Netherlands For this purpose, it designs and conducts a survey based on the extended version of the theory of planned behavior, with five components: attitude, subjective norms, perceived behavioral control, personal norms, and descriptive norms. The survey also includes questions on participation in a thermal energy community. The results show that several factors affect individuals’ intention to adopt RHS. Many individuals in the Netherlands have a positive attitude toward adopting RHS, which is primarily caused by environmental concerns and wanting energy independence for their country. However, the majority of individuals think that they do not have the knowledge, financial means, or time to adopt RHS. Also, individuals who feel strong moral values and responsibilities are more likely to adopt RHS. Most individuals are willing to participate in a thermal energy community, and prefer participating in an energy community over adopting RHS individually. Based on these insights, a number of recommendations are made to stimulate the adoption of RHS in the Netherlands, such as taking into account moral norms, introducing policies to incentivize thermal energy communities, and addressing issues of injustice.",0,10.1016/j.egyr.2024.03.036,https://openalex.org/W4393177453,2024,article,en,willingness,92,abstract__51_100,0,,,,
OA0490,Development of a high-resolution top-down model to estimate actual household-level heat pump electricity consumption,"Abstract Heat pumps can play an important part in decarbonizing the residential sector due to their use of electricity instead of fossil fuels, and their high efficiency, which often exceeds 100%. However, heat pump performance and energy savings vary with climate and individual household energy usage. Recent studies have used geospatial models to estimate potential heat pump energy consumption across the United States. Yet most studies use generic and oversimplified heat pump models. We contribute to this field with a geospatial model based on manufacturer data and measured test data for 16 different R410A, high efficiency, variable speed compressor heat pumps. Using linear regression, we estimate a market average of COP with respect to ambient temperature. From this, we can identify the variation in efficiency with temperature across this technology class. We also use linear regression to estimate demand for heating and cooling as a function of ambient temperature and household characteristics. We compare the performance of both the predicted energy demand and heat pump efficiency against measured data from a heat pump-equipped house in West Lafayette, Indiana, and find that the model predicts daily heat pump electricity consumption with 27.8% relative error, comparable to other building simulation models. By incorporating high-resolution geospatial data inputs, such top-down models can still maintain a large scope across technologies and diverse climates while increasing spatial and temporal resolution.",0,10.1088/2634-4505/acd1ab,https://openalex.org/W4367692947,2023,article,en,household,92,abstract__51_100,1,,,,
OA0491,Future flexibility of the EU27 heat pump heated residential building stock,,1,10.1016/j.energy.2026.141385,https://openalex.org/W4413188077,2026,article,en,uptake,92,title_only__51_100,1,,,,
OA0492,"Impact of widespread adoption of heat pumps on peak demand for electricity, net of wind generation",,1,,https://openalex.org/W20354574,2014,conference-paper,en,adoption,92,title_only__51_100,1,,,,
OA0493,MATHEMATICAL MODELING OF NON-STATIONARY HEAT PROCESSES IN THE GROUND HEAT PUMP SYSTEM,"In the work, an analytical study of the efficiency of heat pumps using soil energy for heating, taking into account the climatic conditions of theregion of operation, is performed, which meets the tasks of energy saving and allows reducing emissions of harmful substances into the environment. The main attention is paid to increasing the efficiency of utilization of the technical potential of the soil energy source by the heat pump system using vertical soil heat exchangers. A methodology based on use of the mathematical modeling apparatus as a scientifically based toolkit for calculating non-stationary thermal processes, capable of ensuring the stability and reliability of the ground heat pump system in the short and long term, is proposed. The developed toolkit for calculation and analysis of heat exchange processes allows determining the power of the heat flow, which is removed from the soil, taking into account changes in climatic factors, temperature distribution in the soil around the soil tube and along its length over time, schematic and structural features of the soil tubes for further optimization of the parameters of the heat pump system. It was established that the power of the heat flow, which enters the evaporator of the heat pump from vertical soil pipes, depends on a number of influencing factors: the flow regime of the working fluid circulating in the soil circuit; physical properties of the working body; number of soil heat exchangers; temperature distribution in the soil around the soil tube along its entire length, which changes significantly during long-term operation of the system, affecting the course of heat exchange processes in the system elements. The proposed method makes it possible to perform numerical modeling of thermal processes in the elements of the heat pump, to determine the energy efficiency of the ground heat pump system, which is able to reliably provide consumers with heat during a long period of operation, which can be considered an innovative approach to the analysis of prospects for the development of heat pump heat supply.",0,10.20998/2220-4784.2023.02.02,https://openalex.org/W4390193741,2023,article,en,consumer,92,abstract__51_100,1,,,,
OA0494,Variable capacity heat pump program development roadmap,"This roadmap effort is a continuum of Northwest Energy Efficiency Technology Roadmap pursued by Bonneville Power Administration with the engagement of twenty collaborating organizations [1]. Purpose of this roadmap is to explore adoption barriers and drivers associated with diffusion of variable capacity heat pump technology, and facilitate a regional consortium towards developing an energy efficiency program in the case of Northwest U.S. Adoption barriers have been observed to group under the names; contractor, designer and owner related unfamiliarity; difficulty in measure development and incentive programs, lack of information in savings and measure cost effectiveness, conflicting incentives and codes/standards. Policy tools and necessary action items have been developed to address specified issues by considering relevant regional efforts in attempt to prevent duplicating the efforts already underway elsewhere.",0,,https://openalex.org/W1594727960,2011,conference-paper,en,barrier,92,abstract__51_100,1,,,,
OA0495,Design of a water-CO2 evaporator : adoption of a carbon dioxide heat pump to geothermal conditions,,1,,https://openalex.org/W1608549902,2010,dissertation,en,adoption,93,title_only__51_100,1,,,,
OA0496,Experimental Study on Household Air Source Heat Pump System Combined Floor Radiation Heating,"The combination of air source heat pump with floor panel heating is a new form of house heat supply within the Yangtze valley.And in order to obtain the key point of the energy efficiency performance-COP,a test system was set up in a house located in the urban area of Chongqing.On the conditions that the outdoor temperature was near the mean winter temperature and the load rate was about 50%,tests were carried out within 21 operating circles,and the COP during the heating process was tested to be 2.75 averagely,which was close to the rated one.The average COP during the whole operating cycles was only 2.07,25% lower than that during the heating process.The surveys showed that using the water temperature parameters to control the heat pump unit was the main factor of the low COP during the whole operating cycles.Through the analysis of the system performance,this paper proposes that using the indoor temperature as the main parameter and the outlet water temperature of the heat pump as the subordinate parameter to control the whole heat pump unit can improve the COP.",0,,https://openalex.org/W2394346279,2009,article,en,household,93,abstract__51_100,1,,,,
OA0497,Generalized model and optimum performance of an irreversible thermal Brownian microscopic heat pump,,1,10.1016/j.mcm.2010.10.015,https://openalex.org/W2009850667,2010,article,en,barrier,93,title_only__51_100,1,,,,
OA0498,Hurdling barriers through market uncertainty: Case studies ininnovative technology adoption,"The crisis atmosphere surrounding electricity availability in California during the summer of 2001 produced two distinct phenomena in commercial energy consumption decision-making: desires to guarantee energy availability while blackouts were still widely anticipated, and desires to avoid or mitigate significant price increases when higher commercial electricity tariffs took effect. The climate of increased consideration of these factors seems to have led, in some cases, to greater willingness on the part of business decision-makers to consider highly innovative technologies. This paper examines three case studies of innovative technology adoption: retrofit of time-and-temperature signs on an office building; installation of fuel cells to supply power, heating, and cooling to the same building; and installation of a gas-fired heat pump at a microbrewery. We examine the decision process that led to adoption of these technologies. In each case, specific constraints had made more conventional energy-efficient technologies inapplicable. We examine how these barriers to technology adoption developed over time, how the California energy decision-making climate combined with the characteristics of these innovative technologies to overcome the barriers, and what the implications of hurdling these barriers are for future energy decisions within the firms.",0,,https://openalex.org/W1597824203,2002,article,en,willingness,93,abstract__51_100,1,,,,
OA0499,Modeling and investigation of the performance of a solar-assisted ground-coupled CO2 heat pump for space and water heating,"The rise in the popularity of heat pumps should be accompanied by the increase in the utilization of environmentally-safe working fluids. To push for wider uptake of hybrid heat pump systems that use natural working fluids, information about their performance and operating characteristics should be made available. This study models a CO2 solar-assisted ground-coupled heat pump (SAGCHP) system and investigates its performance for space and water heating. Sensitivity analysis, parametric study, and long-term performance simulation were implemented, with the system’s seasonal performance factor (SPF), levelized cost of heating (LCOH), and ground temperature change (GTC) considered as performance indicators. It was seen that ensuring a good combination of design and operating specifications can result in an SPF (∼3.5) and LCOH (0.184 USD/kWh) that are comparable with those of SAGCHP systems that use conventional working fluids. The heat pump’s high-side pressure and output temperature exhibited notable effects on all the performance indicators. Below the optimal operating pressure, a 5% increase in the heat pump’s high-side pressure brought about a ∼7-10% improvement to the SPF, a ∼3-5% reduction to the LCOH, and a ∼6-10% increase to the GTC. Reducing the output temperature by 5% increased the SPF by ∼7-8%, decreased the LCOH by ∼3%, and increased the GTC by ∼6%. Parametric studies identified the presence of optimal heat pump discharge pressure and heat source circulation rate that should be used for operations. Long-term simulation shows that managing the GTC ensures the longevity of the system. Rather than oversizing the borehole heat exchangers (BHEs), it is more practical to reduce ground temperature decline by increasing the BHE spacing or by adding solar collectors.",0,10.1016/j.applthermaleng.2023.121546,https://openalex.org/W4386508799,2023,article,en,uptake,93,abstract__51_100,1,,,,
OA0530,Frequency Control Ancillary Service Provided by Efficient Power Plants Integrated in Queuing-Controlled Domestic Water Heaters,"Frequency is an important parameter of a power system. It is of great significance to maintain its stability, especially in the current development scenario of large-scale interconnected power systems. Thermostatically controlled appliances (TCAs) are good controllable resources for demand response owing to their rapid response capabilities and relatively wide controllable ranges. In this study, domestic water heaters, which have wider deadbands compared with other typical TCAs, such as heat pumps, are used as frequency regulation resources. The main contribution of this paper is that it proposes a queuing-controlled strategy with lock-on and off constraints for controlling an efficient power plant consisting of water heaters (EPP-WH). The queuing-controlled strategy enables TCAs to provide frequency regulation ancillary service for the normal operation of the power system. The thermal dynamic process of the water heater and the formation of the EPP-WH are first discussed. Based on the developed model, a series of strategies are proposed, including load shedding calculation, top layer optimization, and improved temperature priority list (TPL) strategy with lock-on and off constraints. Finally, typical case studies are discussed to illustrate the frequency regulation effects and the effects of two characteristic parameters—users’ willingness and lock time limits. Reasonable targets are generated based on various consideration from top layer optimization module. The results indicate that using the model and proposed strategies, the EPP-WH has good frequency regulation performance.",0,10.3390/en10040559,https://openalex.org/W2607435317,2017,article,en,willingness,99,abstract__51_100,0,,,,
OA0531,Market spoiling and ineffectual policy have impeded the adoption of heat pump water heating for US buildings and industry,,1,10.1007/s12053-022-10029-w,https://openalex.org/W4224059050,2022,article,en,adoption,99,title_only__51_100,0,,,,
OA0532,New International Standard for Heat Pump Water Heater,"This paper summarizes a new work item project to develop a new international standard (ISO) for heat pump water heater, which have increased dramatically in several countries including: China, Japan, and some european countries such as France, Germany and Denmark last couple of years. The experts said if the technology of heat pump water heater was adopted in place of less efficient technologies such as electric resistance heating, and sales achieved a 10% market share, it could save almost 1.3 billion kilowatt-hours of energy annually. Furthermore, with estimated annual household savings of $290 (ENERGY STAR, 2009), consumers would benefit from lower utility bills. New working group 12 under ISO TC86 SC6 was established with national experts, China, France, Japan, Italy, and Korea to develop a new standard as “Heat pump water heaters - Testing and rating for performance? Part 1: Domestic hot water supply heat pump water heater, and Part 2: Commercial/Industrial hot water supply heat pump water heater” next 4 years.",0,,https://openalex.org/W2306487188,2015,article,ko,consumer,99,abstract__51_100,0,,,,
OA0533,A multi-valve flexible heat pump system with latent thermal energy storage for defrosting operation,"There has been growing interest in using air-source heat pumps as an alternative to potentially replace fossil-fuel-based heating technologies for heat decarbonisation. One of the technical issues that hinders the wide uptake of air source heat pumps is the decreasing energy efficiency caused by frequent defrosting operations under low ambient temperatures. Currently, the most widely used defrosting method is the reverse-cycle defrosting but this operation would have to interrupt the heating supply during the defrosting process. The authors recently proposed, developed, and demonstrated a flexible heat pump concept that recovers partial of the subcooled heat from the hot refrigerant exiting the condenser and stores it in an integrated thermal storage. The stored heat could later be used to save compressor power and defrosting applications. In this paper, we proposed an innovative method by using a multi-valve design of the flexible heat pump to achieve the defrosting function. In this new concept, defrosting is achieved by condensing the refrigerant inside the evaporator and simultaneously ensuring uninterrupted heating during the heat storage discharge process. A model has been established to study the heat pump performance during a full charge/discharge cycle of the storage. Results indicated that with R410a, R134a and R1234yf, the proposed flexible heat pump has the potential to respectively save up to 11.2%, 10.8% and 13.2% of compressor power, in comparison with a heat pump using the conventional reverse cycle defrosting method. Concurrently with the defrosting operation, the same heating capacity is ensured without interruption by the flexible heat pump.",0,10.1016/j.enbuild.2024.114656,https://openalex.org/W4401547534,2024,article,en,uptake,100,abstract__51_100,0,,,,
OA0534,Adoption of Suitability Area for Ground-coupled Heat Pump Systems 1st paper Development of Suitability Maps for Ground-coupled Heat Pump Systems Using Groundwater Flow / Heat Transport Modeling and Geographic Information System,,1,10.11367/grsj.32.229,https://openalex.org/W2520903039,2010,article,en,adoption,100,title_only__51_100,0,,,,
OA0535,CASE ANALYSIS OF HEAT PUMP INTEGRATION IN DISTRICT HEATING SYSTEM,"The installation of heat pumps in district heating (DH) systems is one of the most promising technologies to increase the efficiency of heat supply by using renewable energy sources and reducing heat carrier temperatures in the networks. The possibilities of installing heat pumps in DH systems are very wide, but most often the main purpose of their application is to increase the temperature of the supplied heat carrier at the heat substations of individual consumers or their groups. This paper describes a study that analyzed the possibilities of integrating an individual heat pump at a heat substation in a building to reduce the temperature of the heat carrier in the return line. The results of the study revealed the dependences of the reduction of the heat demand of the building from the DH network, the power of the heat pump, the coefficient of performance (COP), and the reduction of the return temperature.",0,10.3846/mla.2021.15272,https://openalex.org/W3205744999,2021,article,en,consumer,100,abstract__51_100,0,,,,
OA0536,Energiebesparing in de bestaande woningvoorraad: Een onderzoek naar de bereidheid van eigenaar-bewoners om energiebesparende maatregelen toe te passen.,"This study addressed the occupant owners’ preferences in deciding about innovative renovation concepts. Respondents were asked to choose between two rendered images representing a terrace house built from 1946 to 1976. Every image consisted of six characteristics or attributes, namely insulation of the outer wall, technical measures, simple payback time, inconvenience during the work, the attitude and behavior of the owner, and the increase of comfort. The results showed that occupant-owners do prefer renovation concepts that do not change the façade (Light insulation). Respondents did not appreciate the idea of zoning. They preferred technical measures like solar boiler or heat pump. Higher levels of comfort, i.e. more functional floor space, might significantly contribute to higher acceptance of ambitious renovation concepts. This might be one way to compensate for disadvantages such as investments and inconvenience during the works. Simple payback time seems to become unacceptable when it exceeds the threshold of about 14 years. Regarding inconvenience, respondents clearly preferred to stay at home during the works. Finally, this study clearly shows that respondents in some way are willing to make behavioral choices by preferring white-line household appliances with A++ labels. However, it seems unacceptable to them to adjust their behavior such as that they refrain from using household appliances.",0,,https://openalex.org/W27914492,2009,dissertation,en,willingness,100,abstract__51_100,0,,,,
OA0537,Ground source heat pump status and supportive energy policies in Japan,"Ground source heat pump (GSHP) systems are energy-efficient technologies to provide low-carbon heating and cooling demands for the buildings. However, deployment of the GSHP systems in Japan is limited mainly due to the relatively high drilling costs for placement of the ground heat exchangers (GHEs), in comparison with EU and North American countries. This study is providing the historical data of deployment of different types of the GSHP systems in Japan, the supportive public policies and incentives for installation of GSHP systems. Finally, the barriers for the further utilization of the GSHP systems in Japanese buildings are discussed and solutions are suggested.",0,10.1016/j.egypro.2019.01.902,https://openalex.org/W2921782198,2019,conference-paper,en,barrier,100,abstract__51_100,0,,,,
OA0538,"Why German households won’t cover their roofs in photovoltaic panels: And whether policy interventions, rebound effects and heat pumps might change their minds","Rooftop photovoltaics in Germany generate around 15 TWh of electricity per year, and there is sufficient roof area to increase this many times over. Germany’s transition to renewable electricity requires large increases in rooftop and field-based photovoltaics. However, for household systems, each kWh fed into the grid pays only €0.0653, while households gain a marginal benefit of €0.334 for each kWh of their own electricity they consume. This deters households from installing large rooftop systems, where a large proportion of self-generated electricity is fed into the grid. This study uses cost-benefit analyses based on quarter-hourly electricity data, to estimate economically optimum sized photovoltaic systems, for a typical detached house. It finds that, for a range of battery sizes, optimal systems generate about the same amount as the household consumes, but use only about half of available roof space. Heat pumps and rebound effects increase this slightly. A subsidy of 10eurocents/kWh for grid feed-in would make the largest systems the most profitable, but this would bring further problems. Policymakers should aim for more households to adopt photovoltaics, rather than recommending larger systems for those who do. They should also promote the synergy between heat pumps and photovoltaics.",0,10.1016/j.ref.2022.07.002,https://openalex.org/W4285404883,2022,article,en,household,100,abstract__51_100,0,,,,
