candidate_id,openalex_id,doi,title,publication_year,publication_date,work_type,language,abstract,abstract_missing,landing_page_url,query_arms,best_rank,screening_decision,screening_reason,reviewer,adjudication_status
OA0151,https://openalex.org/W2975282046,10.1016/j.applthermaleng.2019.114426,Wire fin heat exchanger using aluminium fumarate for adsorption heat pumps,2019,2019-09-23,article,en,,1,https://doi.org/10.1016/j.applthermaleng.2019.114426,uptake,27,,,,
OA0152,https://openalex.org/W2522520601,,A new absorption heat pump,1998,1998-10-01,article,en,"A new absorption heat pump is being developed that uses a new organometallic liquid absorbent and hydrogen or nitrogen gas as a refrigerant. The organometallic liquid is environmentally clean, has {approximately}1.3 wt.% hydrogen uptake capacity, and has {Delta}H/c{sub p} {approximately} 10--15 times higher than that of ammonia/water, so more compact, higher power density heat pumps are possible. The compressor-driven and heat-driven heat pumps are described and analyzed. The analysis indicates that high efficiencies are possible.",0,http://www.osti.gov/scitech/biblio/649467-new-absorption-heat-pump,uptake,28,,,,
OA0153,https://openalex.org/W7160933345,10.57996/cran.ceres-2846,Dataset: Exploring Barriers to Residential Heat Pump Adoption: A UK Case Study of User Behaviour,2026,2026-05-11,dataset,en,"With heat pump adoption falling behind expectations, the UK faces a strategic challenge in meeting residential decarbonisation targets. This study investigates the barriers hindering adoption through an in-depth case analysis of a complete household heat pump adoption journey in a pre-Second World War family home in the UK. Combining an autoethnographic approach with quantitative analysis of 4.7 years of household data, it provides a rare, detailed examination of consumer experience in the UK. The analysis applies both rational and relational perspectives, showing that relational factors, such as trust and social networks, are particularly influential in early-stage markets. Key challenges are identified in retrofit system complexity, social engagement, installer capability and electricity pricing. Although the initial assessment found the heat pump was uneconomic, post-installation results showed an annual SPF of 3.22, a 59% reduction in energy demand and a 12% reduction in costs compared with a gas boiler. Behavioural adaption contributed to demand reduction and lowered the effective electricity price by ~3 pence/kWh. However, a further 7 pence/kWh reduction is required to reach cost parity with a gas boiler, implying an electricity-to-gas price ratio of 2.3. The findings highlight important areas for policy intervention.",0,https://doi.org/10.57996/cran.ceres-2846,adoption;barrier,28,,,,
OA0154,https://openalex.org/W4390310053,,Low-Cost Control System Built Upon Consumer-Based Electronics For Supervisory Control Of A Gas-Operated Heat Pump,2023,2023-11-15,article,en,"A preliminary evaluation of the performance of a consumer-based control system was conducted by the Oak Ridge National Laboratory (ORNL) and Southwest Gas as part of a cooperative research and development agreement (CRADA) authorized by the Department of Energy (DOE) (Mahderekal et al. (2013). The goal of the research was to evaluate the low-cost approach as a solution for implementing a supervisory control system for a residential gas-operated heat pump. The design incorporated two consumer-based micro-controllers; the Arduino Mega-2650 and the BeagleBone (white). Ten five-ton heat pump systems were designed, fabricated, and operationally tested in the Las Vega NV region. A robust data set was produced that allowed detailed assessment of the reliability and the operational perfromance of the newly developed control system. Experiences gained from the test provided important points of improvement for subsequent evolution of the heat pump technology.",0,https://www.osti.gov/biblio/1393862,consumer,28,,,,
OA0155,https://openalex.org/W4408259673,10.1016/j.enpol.2025.114586,Public perceptions of finance options for retrofit shared-loop ground source heat pumps,2025,2025-03-09,article,en,"Heat pumps are a key part of the UK Government's decarbonisation strategy to achieve net zero carbon emissions by 2050. Shared-loop ground source heat pumps (GSHPs) offer domestic space and hot water heating at scale in medium-to-high-density areas where standard single-dwelling heat pumps are unsuitable. However, it is unclear whether homeowners would be willing to pay for them. This paper explores public perceptions of three shared-loop GSHP financing models. We used focus groups to understand homeowners' responses to each finance model, refined the models, and tested them in an online survey of UK homeowners. We found that while there is potential interest in joining a shared-loop GSHP network, there was distrust because the financial offers were perceived as unfair, disadvantaging some customers, and not offering long-term financial savings compared with a gas boiler. The standing charge for the shared loop was a major barrier. There was a preference for the shared-loop GSHP to be offered by a utility company, a need for personalised financial projections, and the option to delay joining. Our results suggest that to increase uptake, greater certainty around future decarbonisation incentivisation strategies is needed, along with regulation of financial models. • Saving money is the biggest priority for homeowners considering a shared-loop GSHP. • People are unlikely to switch from their gas boiler without making cost savings. • Shared-loop GSHP agreements should be transparent, fair, and regulated. • Entering an agreement with a utility company is likely to increase uptake.",0,https://doi.org/10.1016/j.enpol.2025.114586,willingness,28,,,,
OA0156,https://openalex.org/W4410039845,10.3390/en18092325,Simulation of Heat Pump with Heat Storage and PV System—Increase in Self-Consumption in a Polish Household,2025,2025-05-02,article,en,"The use of renewables in heat production requires methods to overcome the issue of asynchronous heat load and energy production. The most effective method for analyzing the intricate thermal dynamics of an existing building is through transient simulation, utilizing real-world weather data. This approach offers a far more nuanced understanding than static calculations, which often fail to capture the dynamic interplay of environmental factors and building performance. Transient simulations, by their nature, model the building’s thermal behavior over time, reflecting the continuous fluctuations in temperature, solar radiation, and wind speed. Leveraging actual meteorological data enables the simulation model to faithfully capture system dynamics under realistic operational scenarios. This is crucial for evaluating the effectiveness of heating, ventilation, and air conditioning (HVAC) systems, identifying potential energy inefficiencies, and assessing the impact of various energy-saving measures. The simulation can reveal how the building’s thermal mass absorbs and releases heat, how solar gains influence indoor temperatures, and how ventilation patterns affect heat losses. In this paper, a household heating system consisting of an air source heat pump, PV, and buffer tank is simulated and analyzed. The 3D model accurately represents the building’s geometry and thermal properties. This virtual representation serves as the basis for calculating heat losses and gains, considering factors such as insulation levels, window characteristics, and building orientation. The approach is based on the calculation of building heat load based on a 3D model and EN ISO 52016-1 standard. The heat load is modeled based on air temperature and sun irradiance. The heating system is modeled in EBSILON professional 16.00 software for the calculation of transient 10 min time step heat production during the heating season. The results prove that a buffer tank with the right heat production control system can efficiently increase the auto consumption of self-produced PV electric energy, leading to a reduction in environmental effects and higher economic profitability.",0,https://doi.org/10.3390/en18092325,household,28,,,,
OA0157,https://openalex.org/W2475122647,10.1016/j.enbuild.2016.06.060,Energy use and carbon reduction potentials from residential ground source heat pumps considering spatial and economic barriers,2016,2016-06-27,article,en,,1,https://doi.org/10.1016/j.enbuild.2016.06.060,barrier,29,,,,
OA0158,https://openalex.org/W4411868988,10.1016/j.apenergy.2025.126371,Energy-saving potential by regulating heat pump heating systems in rural areas with latent class analysis,2025,2025-07-01,article,en,,1,https://doi.org/10.1016/j.apenergy.2025.126371,willingness,29,,,,
OA0159,https://openalex.org/W3126381945,10.1016/j.enbuild.2021.110808,Experimental study of a novel household exhaust air heat pump enhanced by indirect evaporative cooling,2021,2021-02-09,article,en,,1,https://doi.org/10.1016/j.enbuild.2021.110808,household,29,,,,
OA0160,https://openalex.org/W2604719497,10.1016/j.ijheatmasstransfer.2017.02.081,Study on biomass derived activated carbons for adsorptive heat pump application,2017,2017-03-14,article,en,,1,https://doi.org/10.1016/j.ijheatmasstransfer.2017.02.081,uptake,29,,,,
OA0161,https://openalex.org/W2007315520,10.1016/0140-9883(91)90002-h,The influence of an increase in electricity tariffs on the viability of heat pumps against direct heating for large consumers of hot water in South Africa,1991,1991-10-01,article,en,,1,https://doi.org/10.1016/0140-9883(91)90002-h,consumer,29,,,,
OA0162,https://openalex.org/W4255375077,10.2172/10150254,Assessment and development of an advanced heat pump for recovery of volatile organic compounds. Final report,1992,1992-06-01,report,en,"This report documents Phase 1 of a project conducted by Mechanical Technology Incorporated (MTI) for the assessment and development of an advanced heat pump for recovery of VOC solvents from process gas streams. In Phase 1, MTI has evaluated solvent recovery applications within New York State (NYS), identified host sites willing to implement their application, and conducted a preliminary design of the equipment required. The design and applications were evaluated for technical and economic feasibility. The solvent recovery heat pump system concept resulting from the Phase 1 work is one of a mobile unit that would service multiple stationary adsorbers. A large percentage of solvent recovery applications within the state can be serviced by on-site carbon bed adsorbers that are desorbed at frequencies ranging from once per to once per month. In this way, many users can effectively ``share`` the substantial capital investment associated with the system`s reverse Brayton hardware, providing it can be packaged as a mobile unit. In a typical operating scenario, a carbon adsorption module will be located permanently at the industrial site. The SLA will be ducted through the adsorber and the solvents removed, thus eliminating an air emission problem. Prior to VOC breakthrough, by schedule or by request, the mobile unit would arrive at the site to recover the concentrated solvent. An engine driven, natural gas fueled system, the mobile unit utilizes conditioned engine exhaust gases as the inert gas for desorption. Hot inert gas is directed through the carbon bed, heating it and volatilizing the adsorbed solvent. Using a revere Brayton-cycle refrigeration system to create low temperatures, the solvent vapors are condensed and collected from the inert gas stream. The solvent can then be recycled to the production process or sold for other uses and the adsorber returned to service.",0,https://doi.org/10.2172/10150254,willingness,30,,,,
OA0163,https://openalex.org/W2351032237,,Development of Water Heat Pump Geothermic Air-conditioner for Household Use,2004,2004-01-01,article,en,"This paper gives a brief account of heat pump technology and the basic principle,recent development and classification of geothermic air-conditioner,analyses the existing problems and gives an explanation of the general plotting,structure and main feature in developing water heat pump geothermic air-conditioner for household use.It also gives instances of its advantage in energy conservation,environmental protection and popularization for household use.",0,https://en.cnki.com.cn/Article_en/CJFDTotal-GCHZ200401012.htm,household,30,,,,
OA0164,https://openalex.org/W4416961921,10.1109/systol66549.2025.11267370,Discrete Control Barrier Function Design for Constrained Heat Pump Control Using Local Linear Models,2025,2025-10-06,conference-paper,,"Heat pumps play a key role in decarbonized energy systems due to their fully electric operation. Ensuring safe and efficient performance requires compliance with internal constraints, and future grid conditions may additionally impose power consumption limits. This paper proposes a control approach based on Discrete Control Barrier Functions (DCBFs) to enforce such constraints within an existing heat pump control structure. The DCBF is designed using a Local Linear Model Network (LLMN) trained via the Local Linear Model Tree (LOLIMOT) algorithm. A robust observer for a linear parameter-varying representation of the LLMN provides state estimates for the DCBF, whereby robust stability is ensured by the use of linear matrix inequalities (LMIs). The method is validated in a closed-loop simulation using a dynamic model of the refrigerant circuit.",0,https://doi.org/10.1109/systol66549.2025.11267370,barrier,30,,,,
OA0165,https://openalex.org/W2767027444,10.1016/j.egypro.2017.09.608,Opportunities for heat pumps adoption in existing buildings: real-data analysis and numerical simulation,2017,2017-10-01,conference-paper,en,"The space heating of buildings represents one of the most important causes of energy consumption in Europe. The necessity to increase the share of renewable energy within the sector is hindered by the difficulty to renew and refurbish the existing building stock. In this context, heat pumps can have an important role in helping increase the renewable share of thermal energy production for the civil sector, in particular in those countries in which the electricity generation mix has large contributions from renewable energy sources. The paper presents a real-data analysis and a numerical simulation to evaluate the opportunity to substitute traditional heat generation systems (natural gas boilers) with air-source heat pumps or hybrid solutions. Three buildings located in Turin (Italy) are taken as case-study, and the hourly profiles of outdoor temperature, water supply temperature and absorbed thermal power are used to simulate four heat generation scenarios, that are compared in terms of primary energy consumption. Results show that (1) the substitution of the traditional natural gas boiler with a heat pump (with backup electric resistance) is always favorable (18% to 32% of primary energy reduction); (2) the influence of water supply temperature of each building on the overall primary energy saving is very high; (3) the adoption of a hybrid system (heat pump and natural gas boiler working alternatively) provides advantages in terms of reduced primary energy consumption only if the required supply water temperature is high. Further studies will investigate the economic aspects and will introduce comparisons with condensation natural gas boilers.",0,https://doi.org/10.1016/j.egypro.2017.09.608,adoption,30,,,,
OA0166,https://openalex.org/W4375844682,10.1016/j.applthermaleng.2023.120720,Potential evaluation of integrated high temperature heat pumps: A review of recent advances,2023,2023-05-08,article,en,"Industrial and high temperature pumps are a well-established, sustainable, and low-emission technology for processing temperatures below 100 °C, especially when driven by renewable energy. The next frontier in heat pumping is to enhance the economic working envelope to serve the 100–200 °C range, where an estimated 27% of industrial process heat demand is required. High temperature heat pumps (HTHP) are an effective technology for delivering heat and recovering waste heat from various industrial processes, hence reducing primary energy consumption and the resulting CO2 emissions. The integration of high temperature heat pumps into different industrial process networks provides significant environmental and performance improvements,an innovative and profitable solution for different decarbonizing sectors. Higher temperature heat pumps offer significant potential to enhance thermally demanding industrial processes due to their high temperature lift capability. This review looks at how future improvements in HTHP technology can take use of breakthroughs in high-temperature heat pump research to address important technical obstacles. This review primarily consolidates data from HTHPs integrated with various industrial processes applications such as thermal energy storage, low-grade waste heat recovery, membrane fuel cell, organic Rankine cycle, super-critical water desalination, co-generation and poly-generation, vapor injection, steam injected gas turbine, and solar absorption system. However, the widespread diffusion of HP technologies faces several challenges, including technological (limitation of the electrical network due to intensive electrification of the heating sector), economic (high investment and installation cost), regulatory (lack of standards and mandatory policies), policy (uncertainty in policy and lack of clear heat decarbonization pathways and technology uptake), and public acceptance issues (unwarranted fear, misperception, misinformation, and previous experiences on the reliability of heat pumps) are highlighted.",0,https://doi.org/10.1016/j.applthermaleng.2023.120720,uptake,30,,,,
OA0167,https://openalex.org/W2942062380,10.1016/j.renene.2019.04.108,Factors affecting willingness to adopt and willingness to pay for a residential hybrid system that provides heating/cooling and domestic hot water,2019,2019-04-25,article,en,"The present study examines, through a behavioral survey, the self-reported intentions of consumers in Greece, Portugal and Spain, in relation to a residential hybrid system that offers heating/cooling and domestic hot water (DHW); the system combines ground source heat pumps, solar thermal panels and thermal energy storage. A positive attitude concerning the adoption intention of the system has been recorded, while the results on Willingness to Pay (WTP) and acceptable payback period reveal that there is a potential market for the hybrid system in the three countries. The analysis indicates that consumers’ intentions are similar among the three countries, with the only statistical significant difference occurring between Spain and Portugal on the subject of WTP for the system. The socioeconomic factors that are identified to have an effect on consumers’ intentions in relation to the hybrid system are gender, income, educational level, occupation, past investments in thermal energy systems and percentage of income spent on household energy needs; the corresponding residence characteristics include location, building type, dwelling size, year of construction and existing system for space heating and DHW. The study’s findings can contribute to the broader understanding of consumers’ behavior concerning the adoption of residential heating/cooling and DHW systems.",0,https://doi.org/10.1016/j.renene.2019.04.108,willingness,31,,,,
OA0168,https://openalex.org/W4366526240,10.1016/j.tsep.2023.101851,"Ground source heat pumps: Recent progress, applications, challenges, barriers, and role in achieving sustainable development goals based on bibliometric analysis",2023,2023-04-20,article,en,"Ground source heat pumps (GSHPs) have shown great potential to replace conventional heating and cooling systems in many regions. They also have a significant contribution to the achievement of sustainable development goals (SDGs). This paper aims to investigate the advancements, applications, research trends related to GSHPs, and the challenges and barriers that face their development based on a bibliometric analysis. The results show that in recent years, a considerable growth in GSHP’s research has been recognized, with a focus on heating more than cooling, which is due to the fact that GSHP is more suitable for cold regions. The major part of the research done on GSHPs in relation to the SDGs focused on SDG 7, followed by SDG 13. This is mainly due to the direct relation between GSHPs and the environment. However, it was also found that GSHPs have a crucial contribution to the other SDGs, but there was insufficient work dedicated to investigating such relations. Based on the interpretation of the bibliometric analysis, it was deduced that most of the challenges and barriers to GSHPs are related to the capital cost, groundwater contamination, regulations, subsidies, and incentives.",0,https://doi.org/10.1016/j.tsep.2023.101851,barrier,31,,,,
OA0169,https://openalex.org/W4312909158,10.1109/upec55022.2022.9917891,How will Heat Pumps affect Electricity Load Profiles for Buildings in Ireland? Empirical data used to model possible financial impacts facing consumers,2022,2022-08-30,conference-paper,en,"The current geopolitical situation is certainly challenging the colossal transition to Zero carbon Economy. In fact, in the coming years, the electricity sector will have to find new innovative ways to meet the ever increasing need for energy without the over reliance on fossil fuels and their country of origin. Over the next decade, oil and gas boilers will not be permitted in new buildings in Ireland, in line with the Irish Building Regulations, Technical Guidance Document L – Conservation of Fuel and Energy 2021. This is a major shift in traditional building services methodology and heat technology. In line with the European Union Green Deal, member states are developing and updating policies in an effort to foster this energy transition. The main areas of focus are the three pillars of energy and the associated carbon emissions; electricity, transport and heat. This paper aims to examine energy bills, electricity and gas, for a domestic family premises over a 24 month period. This data will allow the author to build a demand load profile model for the energy consumption and thus, forecast the transition to the electrification of building services. Today, the readily available solution on offer for industry are heat pumps (HP) which will allow the fuel source to move away from a carbon heavy source to a cleaner electricity source. This paradigm shift in thermal demand technology, to a decarbonised electricity source may place a large burden on the national electricity grid during peak demand times. Given the acute energy crisis being currently witnessed throughout Europe, this paper highlights the potential increased electricity bills that consumers might face while shifting to heat pumps. This paper’s main findings are that without Demand Side Management (DSM) tools and smart services, such as smart meters and Time-of-Use (ToU) tariffs, consumers could face increased winter energy bills in the region of 184%.",0,https://doi.org/10.1109/upec55022.2022.9917891,consumer,31,,,,
OA0170,https://openalex.org/W7215301455,,Performance improvement of 5-kW household air-to-water heat pump,2018,2018-08-08,article,en,"Heat pump can take the advantage in higher performance than other technologies such as electric heater for producing hot water in household. In theoretical, the heat pump can transfer heat 3-4 times larger than the electric energy consumed which can identify the performance of heat pump in term of Coefficient of Performance (COP). However, the development of 5-kW household air-to-water heat pump with simple system design from previous work can achieve the COP only 2.37 following the standard testing of EN255-3 when the test condition was adapted for Thailand’s weather at the ambient temperature of 25 oC and 70% relative humidit. Nevertheless it still has some margin for improving the COP. Therefore, the objective of this study was to improve the performance of household air-to-water heat pump to meet the target of 10% COP increase. In this study, two improvement methods were proposed based on vapor compression system analysis and the realistic with the low investment approaches. Two methods of performance improvement were the increase of degree of subcooling at the condenser outlet by increasing the heating surface area of condensing coil, and the increase of evaporator pressure accompanied with decreasing in the degree of superheat at the evaporator outlet by changing expansion device from capillary tube to thermostatic expansion valve. The step improvement of heat pump performance, i.e. existing system, increasing the heating surface of condensing coil, using thermostatic expansion valve, and the combination of increasing the heating surface of condensing coil and changing thermostatic expansion valve, were confirmed by testing in the control room under the standard with the same condition. The results shown that the combination of both modifications can efficiently improve the COP of heat pump up to 2.64 or 11.38% higher than the existing system. In the viewpoint of the investment cost, the improvement of the full modification invested about 368 THB per 1% COP increase which was more attractive than the other such as changing the type of compressor.",0,https://ph01.tci-thaijo.org/index.php/jrame/article/view/139087,household,31,,,,
OA0171,https://openalex.org/W4412024837,10.1088/2634-4505/adec19,The impact of subsidies on projected heat pump adoption and residential heating emissions in Massachusetts,2025,2025-07-04,article,en,"Abstract Space heating is a significant contributor to residential building emissions, and many policies have leveraged subsidies for heat pumps as a step toward building electrification and broader decarbonization goals. Massachusetts (MA) aims to reduce residential heating emissions to 0.8 MtCO2eq per year by 2050, offering a $10 000 subsidy for whole home heat pumps. This study examines the impact of various state-level subsidy scenarios on adoption rates, emission reductions, and associated co-benefits in MA and the region. Using Global Land-use, Impact, and Policy Simulator Environment, a graphical interface for the integrated assessment model global change assessment model-USA, this study explores state-level scenarios including current and full subsidy rates, as well as forced adoption, to predict future emissions and heat pump use. Results show that under the current subsidy rates, 2050 residential heating emissions in MA would triple the state’s target. Even under the most aggressive scenario, heat pump adoption reached only 88% by 2050, with emission still 62% above the target. The emission impact and electricity demand on neighboring states was small, owing to programs like the Regional Greenhouse Gas Initiative and Renewable Portfolio Standard programs that limit emissions in the region. A public benefit-cost analysis found the highest cost-effectiveness ratio, 12.5, under a 100% subsidy scenario, with current subsidy rates returning a cost-effectiveness ratio of 6.7. These findings suggest that financial subsidies alone may not be sufficient and additional decarbonization strategies are needed to meet emission targets.",0,https://doi.org/10.1088/2634-4505/adec19,adoption,31,,,,
OA0172,https://openalex.org/W2607743100,,Apply heat pump systems in commercial household products to reduce environmental impact : How to halve the electricity consumption for a household dishwasher,2017,2017-01-01,dissertation,en,"In the household appliance industry, heat pump systems have been used for a long time in refrigerators and freezers to cool food, and the industry has driven the development of small, high-quality, low-price heat pump components. In the last few decades, heat pump systems have been introduced in other household appliances, with the express purpose of reducing electricity consumption. Heat pump tumble dryers have been on the market since 2000 and dominate the market today. A heat pump dishwasher was introduced on the market in 2014 and a heat pump washing machine in 2016. The purpose of adding a heat pump system in these three products was to decrease electricity consumption. Papers I and II used a methodology where transient simulation models were developed and used to increase knowledge about how to decrease electricity consumption for a tumble dryer and a dishwasher by adding a heat pump system. Papers II to V showed that a lower electricity consumption and lower global warming potential together with an energy-efficient drying method, where no humid air evacuates to the kitchen, give a heat pump dishwasher competitive advantages compared to any conventional dishwasher currently on the market. Using simulations, this dissertation concludes that a future commercial heat pump dishwasher, using R600a as a refrigerant, will reduce electricity consumption and total equivalent warming impact (TEWI) by 50% compared to the conventional dishwasher. The willingness from the customer chain to pay extra for this heat pump dishwasher is because of the decreases electricity consumption and the fact that no humid air evacuates to the kitchen. This willingness makes the heat pump dishwasher to a variant which have possibility to succeed on the future market. The challenge for the manufacturer is to develop and produce a high-quality heat pump dishwasher with low electricity consumption, predict future willingness to pay for it, and launch it on the market at the right moment with the right promotion in order to succeed.",0,http://urn.kb.se/resolve?urn=urn:nbn:se:kau:diva-48132,household;willingness,32,,,,
OA0173,https://openalex.org/W4417180470,10.1016/j.enpol.2025.114997,Decarbonizing residential space heating with heat pumps in the United States,2025,2025-12-10,article,en,,1,https://doi.org/10.1016/j.enpol.2025.114997,barrier;uptake,32,,,,
OA0174,https://openalex.org/W2312333421,10.1016/j.egypro.2015.12.153,Experimental Analysis of Hydrocarbons as Drop-in Replacement in Household Heat Pump Tumble Dryers,2015,2015-12-01,conference-paper,en,"Mainly HFCs are nowadays used as refrigerants in commercial household heat pump tumble dryers; it is however crucial to look for long-term alternatives with low environmental impact. Hydrocarbons are considered a suitable alternative for this application. According to their characteristics and based on theoretical analysis, R290 and R441A were selected as substitutes of R407C in a commercial unit. While maintaining exactly the same components, the compressor was changed to comply with the required heating capacity and the expansion device was modulated to meet proper working conditions. Experimental results confirmed that R290 meets the reference energy performances; at the specific conditions, R441A underperforms R407C, due to increased compressor consumption. Technological focus on components is therefore important when refrigerant replacement takes place.",0,https://doi.org/10.1016/j.egypro.2015.12.153,household,32,,,,
OA0175,https://openalex.org/W7171728547,10.25394/pgs.33095495.v1,Financial & Environmental Impacts of Industrial High Temperature Heat Pump Adoption,2026,2026-07-29,dissertation,,"Industrial emissions are a sizable proportion of the greenhouse gas emissions globally as well as one of the most difficult sectors to decarbonize. The diversity of industrial processes, which includes agriculture, steel production, and pharmaceuticals, drives the difficulty in decarbonizing this sector. US industry is especially slow at adopting the low carbon technologies. Roughly half of US industrial emissions come from the generation of process heat. Therefore, researchers are exploring low emission process heat technologies. Process heat at temperatures up to 200°C can be met using high temperature heat pump (HTHP) technology currently in development. However, the costs and environmental impacts of new HTHP technology integration with existing facilities must be carefully weighed by operators and governments. If HTHP technologies prove too expensive to install and operate, industrial facilities will continue to use high emission technologies to meet their thermal demands. I seek to learn the limitations of HTHP technology in industrial settings-identifying the cost impact of integration, key areas of improvement, and their climate impacts. Using a spray drying case study, I consider how HTHP technology compares to status quo heating systems across a number of technoeconomic metrics. In order to compare these systems for plant operators, I examine the net present value (NPV) and levelized cost of heat (LCoH), and emissions abatement cost. I do this by modeling the costs for the new equipment, its operation, as well as auxiliary equipment which may be required to meet industrial demands. NPV analysis sums an equipment’s cash flows across it’s lifetime in order to determine the value added to a private company or business. Thereby revealing the areas that require improvement for HTHP technology to be competitive with status quo systems. I use LCOH to compare HTHP applications across a variety of heat loads. To evaluate environmental impacts, I use Global Warming Potential (GWP), power generation carbon intensity, and Social Cost of Carbon (SCOC) to produce a dollar value for the equivalent tCO2 emissions. I then fold the environmental impact cost into the NPV analysis. I also use this data to generate abatement costs for HTHP systems. Abatement costs divide the total carbon emissions saved by the cost to save them, providing a framework that can compare across a wide variety of emissions saving methodologies, which are used by companies when prioritizing strategies for reducing their greenhouse gas emissions. I map these metrics in the continental United States, providing geographic comparisons necessary for governmentsand businesses. To account for uncertainty about future natural gas and electricity prices and grid emissions, I expand the analysis to make use of capacity expansion and integrated assessment model data. Like the analysis using historic data, the magnitude of emissions abatement potential varies geographically, and although the low natural gas prices in North America are difficult to overcome, there are regions where HTHP systems can be competitive.",0,https://doi.org/10.25394/pgs.33095495.v1,adoption,32,,,,
OA0176,https://openalex.org/W2247250361,,Household Decision-Making Dynamics Associated with the Adoption of High-Involvement Renewable Energy Technologies: A Case Study of Consumer Experiences in the Adoption of Residential Ground Source Heat Pump Systems in Rural Southwestern Ontario (Canada),2014,2014-09-22,dissertation,en,"In the province of Ontario, 88 percent of residential energy demand is for space heating, cooling and water heating, accounting for 99 percent of the residential sector's greenhouse gas (GHG) emissions (data are for 2011 and are taken from Natural Resources Canada, 2014a). Amongst the current and viable residential renewable energy technologies (RETs), ground source heat pump (GSHP) systems offer the potential to meet a substantial share of these energy requirements, but current levels of adoption are minimal. Ontario's existing and planned rural housing stock that does not have access to natural gas and relies on oil, propane or electric-based systems for heating and cooling demands, offers an immediate opportunity to achieve large scale reductions in GHG emissions and reduce pressure on the existing electricity infrastructure, while simultaneously reducing home heating and cooling costs. \n \n\tThe purpose of this thesis is to describe and explain the factors that influence the residential adoption of GSHP systems in rural southwestern Ontario. To act on this purpose, 17 face-to-face interviews were conducted with householders that have retrofitted their house with a GSHP system in rural southwestern Ontario areas that do not have access to natural gas. This thesis utilizes Rogers' (2003) Innovation-Decision Process model as a theoretical framework to guide the collection of empirical data on household adoption experiences to achieve this research purpose. \n \n\tThe findings from this study indicate that the residential adoption of GSHP systems in rural southwestern is influenced by five determinants of adoption: (1) prior conditions; (2) characteristics of the decision-making unit; (3) perceived characteristics of the innovation; (4) change agent programs; and (5) communication channels; however, the influence of each determinant of adoption varied across households. Cost savings and the government grant(s) were the most significant drivers for adoption followed by factors related to sustainability and the GSHP system's ability to provide space cooling. The high initial capital cost of the system was identified as the most significant barrier to adoption. By developing a comprehensive understanding of the factors that influence the residential adoption of GSHP systems in rural southwestern Ontario, findings may contribute to a better design of policy instruments and marketing strategies aimed at stimulating the adoption of these systems in rural areas.",0,http://hdl.handle.net/10012/8836,consumer,32,,,,
OA0177,https://openalex.org/W4415878454,10.1016/j.enconman.2025.120723,Model predictive control lowers barriers to adoption of heat-pump water heaters: A field study,2025,2025-11-04,article,en,,1,https://doi.org/10.1016/j.enconman.2025.120723,adoption;barrier,32,,,,
OA0178,https://openalex.org/W1995828092,10.1111/ijcs.12201,Exploring private consumers’ willingness to adopt Smart Grid technology,2015,2015-04-28,article,en,"Abstract The goal of radically increasing the proportion of electricity generated from renewable sources puts the current electrical grid under pressure and one of the solutions is to turn the grid into a ‘Smart Grid’. One of the key elements of the Smart Grid is that electricity consumers make some of their consumption available as flexible capacity to balance the grid. Consumers’ flexible capacity is only available to the grid if the consumers adopt Smart Grid technology (SGT) that establishes the link between the electric system and the consumer. This technology is new to private consumers and using it involves behavioural changes. There is a need to get more insight into who are willing to adopt SGT and why. This study draws on innovation adoption theory as a framework for understanding consumer adoption of this new technology. We explore whether consumers who have already adopted other types of new energy technology, such as a geothermal heat pump, are more favourably disposed towards SGT than other consumers. Also, we explore how consumers who have signed up to let their heat pump be used as flexible capacity in a test trial differ from other heat pump owners, if at all. We used semi‐structured interviews with household members as well as a questionnaire to explore differences between three groups: households with (1) a heat pump with SGT (n = 11), (2) a heat pump‐only (n = 7), or (3) an oil‐fired boiler (n = 6). We find that the families in the three groups perceive the technology characteristics differently and those who have trial experience with SGT are most in favour of the technology.",0,https://doi.org/10.1111/ijcs.12201,willingness,33,,,,
OA0179,https://openalex.org/W7171734401,10.25394/pgs.33095495,Financial & Environmental Impacts of Industrial High Temperature Heat Pump Adoption,2026,2026-07-29,dissertation,,"Industrial emissions are a sizable proportion of the greenhouse gas emissions globally as well as one of the most difficult sectors to decarbonize. The diversity of industrial processes, which includes agriculture, steel production, and pharmaceuticals, drives the difficulty in decarbonizing this sector. US industry is especially slow at adopting the low carbon technologies. Roughly half of US industrial emissions come from the generation of process heat. Therefore, researchers are exploring low emission process heat technologies. Process heat at temperatures up to 200°C can be met using high temperature heat pump (HTHP) technology currently in development. However, the costs and environmental impacts of new HTHP technology integration with existing facilities must be carefully weighed by operators and governments. If HTHP technologies prove too expensive to install and operate, industrial facilities will continue to use high emission technologies to meet their thermal demands. I seek to learn the limitations of HTHP technology in industrial settings-identifying the cost impact of integration, key areas of improvement, and their climate impacts. Using a spray drying case study, I consider how HTHP technology compares to status quo heating systems across a number of technoeconomic metrics. In order to compare these systems for plant operators, I examine the net present value (NPV) and levelized cost of heat (LCoH), and emissions abatement cost. I do this by modeling the costs for the new equipment, its operation, as well as auxiliary equipment which may be required to meet industrial demands. NPV analysis sums an equipment’s cash flows across it’s lifetime in order to determine the value added to a private company or business. Thereby revealing the areas that require improvement for HTHP technology to be competitive with status quo systems. I use LCOH to compare HTHP applications across a variety of heat loads. To evaluate environmental impacts, I use Global Warming Potential (GWP), power generation carbon intensity, and Social Cost of Carbon (SCOC) to produce a dollar value for the equivalent tCO2 emissions. I then fold the environmental impact cost into the NPV analysis. I also use this data to generate abatement costs for HTHP systems. Abatement costs divide the total carbon emissions saved by the cost to save them, providing a framework that can compare across a wide variety of emissions saving methodologies, which are used by companies when prioritizing strategies for reducing their greenhouse gas emissions. I map these metrics in the continental United States, providing geographic comparisons necessary for governmentsand businesses. To account for uncertainty about future natural gas and electricity prices and grid emissions, I expand the analysis to make use of capacity expansion and integrated assessment model data. Like the analysis using historic data, the magnitude of emissions abatement potential varies geographically, and although the low natural gas prices in North America are difficult to overcome, there are regions where HTHP systems can be competitive.",0,https://doi.org/10.25394/pgs.33095495,adoption,33,,,,
OA0180,https://openalex.org/W2787217145,,"Gas driven heat pumps : market potential, support measures and barriers to development of the UK market",2014,2014-08-07,report,en,"There are currently two domestic or near domestic gas heat pumps available in the EU. One is a nominal 38 kW ammonia-water machine manufactured by Robur in Italy and badged by a number of manufacturers. The other is a 10 kW water-zeolite adsorption unit made by Vaillant in Germany. Viessmann has a similar adsorption machine about to go on the market and is working on a second generation absorption machine that is physically much smaller. Other companies are working on gas-fired domestic heat pumps but are at an earlier stage of development. \n \nThe largest potential market for gas heat pumps is the UK. Gas heat pumps have the potential to take a share of the boiler replacement market which is around 1.4 million p.a. and of which 30% are system boilers rather than combi boilers. The route by which boilers pass from manufacturer to private householder is dominated (79%) by contractor/installers who buy from builders merchants and this must be the target route if there is to be a widespread uptake of gas heat pump technology. Important factors for the contractor/installer are: Familiarity with boiler (installed them before, received training from manufacturer, accredited installer) Easy and quick to install (weight/ fittings). Must be a ‘one man fit’. Good back-up support from manufacturer should there be a problem e.g. spares available The consumer’s main concerns are capital cost and efficiency. The limit on payback time for the average consumer is about three years. The new build or major refurbishment market is smaller than the retrofit but still significant (175,000 p.a.). In this case the contractor/installer has much less influence and codes / regulations play a greater role. \n \nSpecifier/Installer training is an important issue. MIS 3005 is being adapted for gas heat pumps and future products may not be so demanding in terms of installer competencies. Consumer behaviour is an issue, the UK consumer being wary of new technology. Capital cost is also important and inclusion of gas heat pumps within the RHI could tackle both issues. \nSafety and noise, whilst of obvious importance are not seen as the main challenges. \n \nInclusion in the RHI with a suitable tariff is the most appropriate and effective means of support available. EN standards (safety and performance) for gas heat pumps exist and are presently being improved. The MCS is defining a minimum acceptable level of performance, together with the methodology for calculation. Eco Design for Energy Using Products (EuP) standards are still in the process of being drawn up. \n \nWork on scenarios to 2050 suggest that gas may still have a place in the longer term and that (used in gas heat pumps) it might find most use in older and larger dwellings.",0,http://wrap.warwick.ac.uk/97391/7/WRAP-gas-driven-heat-pumps-potential-barriers-development-UK-market-Critoph-2013.pdf,barrier,33,,,,
OA0181,https://openalex.org/W1547466547,,Getting warmer: a field trial of heat pumps,2010,2010-09-01,article,en,"Given the lack of data on heat pump performance in customers’ homes, the Energy Saving Trust in partnership with the Open University undertook the first large-scale heat pump field trial in the UK to determine how heat pumps perform in real-life conditions. The year-long field trial monitored technical performance and customer behaviour observed at 83 sites across the UK. The findings provide valuable information about the factors that affect the success of a domestic heat pump installation. Instead of revealing outcomes along statistical grounds, or acting as a “brand-vs-brand” competition, the field trial findings provide a discussion of key points of interest to potential consumers, including: • Measured coefficient of performance (COP) and system efficiency • Installation practices (both system design and performance) • Customer behaviour (contribution by the Open University) • Heating patterns and average internal temperatures • Economics This report makes recommendations for consumers, installers, manufacturers and policy makers, and identifies areas that require additional investigation and research.",0,https://oro.open.ac.uk/view/person/rr4.html>;,consumer,33,,,,
OA0182,https://openalex.org/W4408296720,10.1049/icp.2024.4499,Heat pumps and the requirement for grid-scale energy storage in the UK,2025,2025-03-01,conference-paper,en,"In this paper we study the effect that the electrification of heat demand through the use of air-source heat pumps could have on a future zero-carbon electricity grid in the UK and the requirement for grid-scale energy storage. The study considers different adoption levels of heat pumps, going from 0 to 100% of UK homes. For each penetration level, we analyse different mixes of wind and solar, different levels of over-generation and different combinations between medium and long duration energy stores (hydrogen and compressed air, respectively) to determine the configuration that minimises the total cost of electricity (TCoE). TheTCoEincreases ~4% as the heat pumps’ uptake goes from 0 to 100%, owing to the greater storage capacity needed by the system. If heat pumps are adopted in 100% of UK homes, the electricity grid will need 175 TWh of storage. Underground hydrogen caverns provide 160 TWh (~220 days) while CAES systems provide 15 TWh (~10 days). Batteries (required for short duration imbalances) are not considered in the study. In this scenario, wind supplies 95% of the electricity and the lowestTCoEachieved is 74.5 £/MWh. The cost of electricity will be higher once short duration storage is accounted for.",0,https://doi.org/10.1049/icp.2024.4499,uptake,33,,,,
OA0183,https://openalex.org/W3121895597,,How do investments in heat pumps affect household electricity consumption,2012,2012-09-09,article,en,"Increased energy efficiency is often seen as the best way of reducing energy consumption. However, the cost reduction resulting from the efficiency increase can undermine the energy-saving potential of the efficiency measures. In this study, we develop a method for decomposing the behavioral responses to increased energy efficiency based on a conditional demand model applied to a household production framework. We find that the electricity savings potential of the increased use of heat pumps in Norwegian homes is completely offset by changes in consumption. Households with heat pumps maintain higher indoor temperatures, consume less alternative fuels and engage less in energysaving behavior than other households. This analysis illustrates that subsidizing investments in new and more energy-efficient technology may not always be an effective means of reducing energy consumption.",0,https://www.econstor.eu/bitstream/10419/192719/1/dp737.pdf,household,33,,,,
OA0184,https://openalex.org/W2025490579,10.1007/s12053-012-9146-x,"Domestic heat pumps in the UK: user behaviour, satisfaction and performance",2012,2012-02-01,article,en,,1,https://doi.org/10.1007/s12053-012-9146-x,consumer,34,,,,
OA0185,https://openalex.org/W2183574267,,Overcoming internal barriers to implement strategy effectively Case the Ramk's Heat Pump Test Centre,2013,2013-01-01,article,en,,1,https://theseus.fi/bitstream/handle/10024/62410/dutka_arturs.pdf?sequence=1,barrier,34,,,,
OA0186,https://openalex.org/W7159555633,,"Plumbers at the net zero technology frontline: Ground source heat pump installation, service and repair",2026,2026-04-25,report,en,"Report summary How we heat our homes has never been a bigger issue. Never so much nor so directly, has the subject of home heating been so salient. Oil and gas price volatility on foot of the Iranian war and wider spill overs in the Middle East region, net zero commitments to cut greenhouse gas emissions, and new schemes for energy‑efficiency-driven house retrofits and emerging renewable technologies all bring the question of how we heat our homes to the fore. Foremost, too, are the legislative changes banning oil‑ and gas‑fired boilers in new builds, the phasing out coal-burning chimneys, and growing media attention on heat pump installation, all of which suggests that the prospects of home heating changes are imminent, or at least on the horizon. Delivering net zero technology at the frontline. Yet what is happening at the net zero technology frontline? What are the experiences of those installing heat pump technology at the frontline? What does the heat pump landscape look like? How is policy work shaping the plumber’s job? What do the market size and growth fundamentals of revenue generated through actual sales of heat pump technologies, or oil-and gas-fired boilers, or even Scandinavian design stoves tell us? This report aims to explore plumbers’ experiences and the competitive realities of the phasing out of oil-and gas-fired boilers and the installation of heat pump technologies in domestic and non-domestic settings on the island of Ireland. Funded by the GEMINI (Geothermal Energy Momentum on the IslaNd of Ireland) project under the PEACEPLUS programme, and managed by the Special EU Programmes Body (SEUPB), our research focuses on ground source heat pumps (GSHPs) but within the overall heat pump market. Our research has yielded a range of insights. Plumbers at the net zero technology frontline. Plumbers are directly responsible for heat pump installation, servicing and repair of existing and alternative heating systems, and so are very knowledgeable about what works and what does not work. Alternative heating technologies already exist in the heat pump category and include Air Source Heat Pumps (ASHPs) and Ground Source Heat Pumps (GSHPs). Both offer different advantages. The energy transition’s ‘last mile’. The characteristics of the built environment are many and varied, which perhaps helps explain its slower progress compared with other decarbonising sectors like transport and electricity generation. Its defining ‘last‑mile’ challenge - high complexity, dispersed decision‑making, and significant costs - makes delivery particularly difficult. Decarbonising heat remains a hard‑to‑abate challenge for policymakers and the heat‑pump sector alike. Willingness to substitute old technologies may be a choice for some, but not for all households. The Republic of Ireland and Northern Ireland households share similar housing stock characteristics, with the oil-and gas-fired boilers and the related challenges. Rural communities in particular, present challenges. A family of renewable technologies. What immediately strikes you from the initial interviews with plumbers is the renewable technology reference points – and usually GSHPs are ‘left off the table.’ The heat pump is synonymous with ASHPs. When prompted, of course, opinions follow on in relation to GSHPs and the inevitable comparisons with ASHPs and other oil-and gas-fired boilers. In frontline practice, there is no one single technology but a family of technological solutions. Passivhaus house designs and retrofit solutions carry many renewable technologies. Yet we find that the suite of renewable technologies is not always viewed as a family of solutions, but instead, each is owned, sometimes omitting or pitting the other renewables against the other. We think that a narrow policy design bias has distorted choice in the market. Getting the work done and not driving market share. A benefit of the high‑market‑share operators (ASHP) is brand visibility, reference and public awareness. Small micro enterprises in the business of plumbing are mostly disinterested in maximising market share of any particular heat pump over the long run. Plumbers are knowledgeable and interested in the technological features, effectiveness and the overall family of solutions. Plumbers in domestic settings are interested in maximising their own cash generation and getting the work done. Non-standardised price points and pricing ambiguity remain a market share and sector growth impediment in the sector. Rural community energy needs. The predominance of (semi) detached homes, many of them in rural locations, further complicates the built environment energy transition. Rural housing is mainly the oldest and often the coldest. Rural housing stock is the least likely to benefit from communal energy solutions such as heat networks, rural community organising and heat network infrastructure, remains ‘skimpy’ on the ground in such rural locations. Dandelion Energy Inc. which targets detached homes in America is an interesting GSHP installation case in point. But in the absence of key drivers such as a differential heat pump and grounds work subsidy to defray additional drilling and groundwork costs, this option is more, not less, likely to remain untapped. Plumbers report that the ‘warmth you can see’ remains a strong human comfort, particularly in the rural parts where open fires and Scandinavian type wood burning stove sales appear to be thriving. Northern parts of the island strongly fit this characteristic. When a new industry meets a traditional one. Renewable technologies are substitute technologies seeking to capture a share of the existing and future market spoils. New heat pump technology entrants take space and share from others. In one space, start‑ups, pre‑revenue firms, and institutions in advisory or advocacy roles frequently report on market potentiality (estimates). This potentiality, we suggest, amplifies the ‘glass bottle’ market. In another space, are the existing oil‑and gas‑fired boiler businesses maintaining their dominant market share. Oil, gas, and coal producers, distributors, and retailers remain steadfast and indeed are thriving in certain parts of the island of Ireland. In Northern Ireland, the data suggests that fossil fuels are thriving. Why is this only happening there? That question is certainly a pressing one, but another study. Relatedly, in this study we found that some plumbers’ core beliefs are deeply entrenched with the power of oil-and gas-fired boilers, open fires and wood burning stoves. Indeed, at times we were met with sighs and shakes of the head on the issues of renewable technologies. We did not find such core beliefs in the Republic of Ireland on same, but generally a more open and a more willingness to engage with renewable technology alternatives. Persistent structural disruption rather than cyclical volatility. As our report shows, oil‑price shocks are structural. A crisis occurs; a short‑term policy reaction follows; and for a brief period, renewable heat pumps become more competitive for a while. Yet this persistent structural disruption is visible only in crisis–reaction cyclical outworkings and domestic households or businesses pay the price. The Iranian war is a case in point. Looking ahead, policy‑makers must ‘double down’ on taking corrective action on this market failure and build a resilient, affordable, and sustainable energy system on the island of Ireland. Harnessing ‘homegrown’ energy on-site and locally is critical in this work. Important work and strides are already underway, but significantly more progress is needed, particularly in the area of energy waste heat and energy storage. Reconciling pledges with business fundamentals. At the net‑zero frontier, ambitious pledges to decarbonise at unprecedented speed offer little consolation to those installing heat pumps who, for various reasons, find themselves replacing oil‑and gas‑fired systems with the same technologies again, or serving households content to maintain the cosy comforts and the comforting rituals of open coal or log fires, or the Scandinavian stoves. Building an accurate picture of the heat pump market adoption goes beyond assessing market potential sentiment. Heat pump use and adoption vary across households, regions and building types. Different market segments, market attractiveness, competing technologies and brands, sales and sentiment and market share drivers all make sizing this heat pump market is not necessarily an easy task. Revisiting the business fundamentals is necessary. Flatlining GSHP market share and market failures. Speaking with the plumbers and the related trade allowed us to identify the following market failures: (i) Positive externalities associated with heat pumps: GSHPs deliver social and environmental benefits (such as lower emissions and cleaner air) that are not reflected in market prices, which leads to underinvestment. (ii) High upfront costs of gateway infrastructure-building for heat networks and waste heat: High upfront investment infrastructure-building costs have made GSHPs less attractive compared to ASHPs. This reduces choice. (iii) High incumbent advantages for oil-and gas-fired boilers that deter investment in the renewables sector: the higher energy costs in both the UK (NI) and also the EU (some of the highest electricity prices in the world) are undermining energy competitiveness on the island. (iv) Scheme incentive subsidy referral mechanism. The negative externalities associated with scheme incentive subsidy on heat pump transitions, waste heat and heat networks does not have a specific mechanism for referral on either part of the island of Ireland. Plumbers wear their expertise lightly, but don’t mince their words. In a final note, the authors are grateful to those plumbers and supply chain trades",0,https://pure.qub.ac.uk/en/publications/dde4e227-a1a7-4c23-a3fd-8e178f002502,willingness,34,,,,
OA0187,https://openalex.org/W2765382147,10.1016/j.scs.2017.10.020,Simulation and performance analysis on condenser coil in household heat pump water heater,2017,2017-11-05,article,en,,1,https://doi.org/10.1016/j.scs.2017.10.020,household,34,,,,
OA0188,https://openalex.org/W3120377109,10.1016/j.micromeso.2020.110839,Zeolite-graphene composite adsorbents for next generation adsorption heat pumps,2021,2021-01-01,article,en,,1,https://doi.org/10.1016/j.micromeso.2020.110839,uptake,34,,,,
OA0189,https://openalex.org/W2137451368,10.5555/2484920.2485092,A learning agent for heat-pump thermostat control,2013,2013-05-06,article,en,"Heating, Ventilation and Air Conditioning (HVAC) systems are one of the biggest energy consumers around the world. With the efforts of moving to sustainable energy consumption, heat-pump based HVAC systems have gained popularity due to their high efficiency and due to the fact that they are powered by electricity rather than by gas or oil. One drawback of heat-pump systems is that their efficiency sharply decreases when the outdoor temperature is around or below freezing. Therefore, they are backed up by an auxiliary heating system that is effective in cold whether, but that consumes twice as much energy. A popular way of saving energy in HVAC systems is setting back the thermostat, meaning, relaxing the heating/cooling requirements when occupants are not at home. While this practice leads to significant energy savings in many systems, it could in fact increase the energy consumption in a heat-pump based system, using existing control strategies, as it forces an excessive usage of the auxiliary heater. In this paper, we design and implement a complete, adaptive reinforcement learning agent which applies a new control strategy for a heat-pump thermostat. For our experiments, we use a complex, realistic simulator that was developed for the US Department of Energy. Results show that the learned control strategy (1) leads to roughly 7.0%-14.5% energy savings in typical homes in the New York City, Boston, and Chicago areas; while (2) keeping the occupants ’ comfort level unchanged when compared to an existing strategy that is deployed in practice. Categories andSubjectDescriptors",0,http://citeseerx.ist.psu.edu/viewdoc/summary?doi=10.1.1.294.998,consumer,35,,,,
OA0190,https://openalex.org/W2586194623,10.1016/j.micromeso.2017.02.020,Development of MIL-101(Cr)/GrO composites for adsorption heat pump applications,2017,2017-02-07,article,en,,1,https://doi.org/10.1016/j.micromeso.2017.02.020,uptake,35,,,,
OA0191,https://openalex.org/W2896901321,10.3390/en11102811,Experimental Study on the Performance of a Household Dual-Source Heat Pump Water Heater,2018,2018-10-18,article,en,"A household dual source heat pump water heater is proposed to utilize the energy of wastewater and air heat in a bathroom. The heat pump system integrates a wastewater source heat pump (WSHP), air source heat pump (ASHP), and a preheater. This aims at energy saving through recovering the heat of wastewater and ventilation air during the bathing process. The experiment was conducted to verify the feasibility of a dual heat source heat pump water heater system in a bath unit. It is found that the system can achieve an average coefficient of performance (COP) of 4.80 and 4.38 with and without preheater, respectively. At a bath water temperature of 40 °C, a flow rate of 6 L/min, and a room temperature of 26.5 °C, the COP of system can reach 6.08, which shows a significantly promising method for energy saving in-house.",0,https://doi.org/10.3390/en11102811,household,35,,,,
OA0192,https://openalex.org/W4377826047,10.36227/techrxiv.23065739.v1,Regionalizing the thermodynamic barriers to heat pump adoption in the United States from first principles analysis,2023,2023-05-23,preprint,en,A simple analysis bounding the performance of heat pumps for heating on the coldest days of the year per state.,0,http://dx.doi.org/10.36227/techrxiv.23065739.v1,adoption;barrier,35,,,,
OA0193,https://openalex.org/W7212255548,10.32866/001c.168131,Trialability as a Lever for Heat Pump Adoption: Insights from a Review of Field Initiatives,2026,2026-09-11,article,en,"Heat pumps for space conditioning are a keystone technology for residential decarbonization, but their permanent installation and high upfront costs make them difficult to try out on a limited basis, hindering adoption. We reviewed 413 sources on initiatives promoting residential heat pumps to find a small minority (N = 11) that address the technology’s low trialability. By analyzing online materials for these initiatives, we identified five approaches to enhance the trialability of heat pumps– incidental exposure, virtual experience, demonstration, tour, and trial–giving consumers the opportunity to experience heat pumps before making a purchase.",0,https://doi.org/10.32866/001c.168131,adoption,35,,,,
OA0194,https://openalex.org/W3024938609,10.3390/su12104129,Willingness-to-Pay for District Heating from Renewables of Private Households in Germany,2020,2020-05-18,article,en,"Recent discussion about future energy production promotes the recovery of industrial heat as a potential solution to reduce carbon emissions. Experts call for an expansion of central heating by renewable energy systems to ensure a decarbonization of energy systems. In this context, district heating could play a significant role in city and district planning. Nonetheless, for private households, environmental aspects are only one factor amongst others as, e.g., capital costs, comfort and security. In this study, we focus on private household preferences and willingness-to-pay for district heating and district heating from renewables compared to gas condensing boilers and heat pumps. For the study, we decided to apply a discrete-choice experiment and collected data on attitudes towards sustainability, economic aspects and demands for providers of heat supply as dimensions for a factor and cluster analysis in order to apply a market segmentation. The results show that district heating by renewables is the most preferred heating option for households followed by district heating from fossil fuels, heat pumps and gas boilers. Furthermore, the study offers more profound insight into the willingness-to-pay for each heating option and reports interaction effects for the different market segments that could be identified in the analysis.",0,https://doi.org/10.3390/su12104129,willingness,35,,,,
OA0195,https://openalex.org/W7111434304,,Assessing the impact of air source heat pump retrofits on indoor environment and energy consumption in UK homes,2025,2025-10-28,conference-paper,,"To support the UK target of net zero emissions by 2050, the Government aims to install 600,000 heat pumps annually by 2028. This study examines the impact of air source heat pump (ASHP) retrofits on indoor comfort and household electricity consumption across 16 diverse dwellings in an Oxford neighbourhood. A mixed-method approach combined household surveys with continuous monitoring of indoor and outdoor temperature and relative humidity. Data were collected over two periods: 1 December 2024 to 6 February 2025, when heat pumps supplied space heating and hot water, and 21 June to 31 August 2024, when they provided hot water only. Smart meter data from three homes offered additional insights into electricity consumption patterns. Indoor temperatures remained above the World Health Organisation recommended minimum of 18°C, but often below the 20°C threshold advised for vulnerable groups in winter. Surveys indicated improved comfort and satisfaction post-installation, with most users finding the systems easy to operate and willing to shift energy use, though challenges in maintaining consistent room temperatures were reported. Mean daily electricity consumption ranged from 18.6 to 24.3 kWh in winter and 4.10 to 10.62 kWh in summer. Peak demand generally occurred outside the 4–7 pm peak period, with the highest usage (0.85 kWh) observed at 7 pm in one dwelling, likely reflecting lifestyle factors. These findings highlight the influence of ASHPs on indoor environments and energy demand, underlining the role of time-of-use tariffs and smart controls in promoting off-peak usage. The study provides evidence to guide scalable, equitable strategies for UK residential heat decarbonisation.",0,https://figshare.com/articles/conference_contribution/Assessing_the_impact_of_air_source_heat_pump_retrofits_on_indoor_environment_and_energy_consumption_in_UK_homes/30385621,willingness,36,,,,
OA0196,https://openalex.org/W2506656025,10.1007/978-3-319-18215-5_69,Heat-Driven Heat Pumps—The Future of Domestic Heating in Europe?,2015,2015-12-29,book-chapter,en,,1,https://doi.org/10.1007/978-3-319-18215-5_69,barrier;uptake,36,,,,
OA0197,https://openalex.org/W4385151752,10.31548/energiya2(66).2023.063,PRIVATE HOUSEHOLD HEAT PUMP-BASED HEATING SYSTEM WITH PHOTOVOLTAIC PLANT,2023,2023-01-01,article,en,"Heat supply is the most energy-consuming industry in Ukraine. The reason for this is a large number of buildings built with a low level of thermal insulation, outdated thermal energy equipment and infrastructure, as well as a low level of implementation of heating systems based on renewable energy sources. Heat pumps are one of the alternatives to fossil fuel boilers for use in household heating systems. The problem of optimizing the operation of heating systems based on heat pumps is of practical importance, since its solution will potentially allow achieving several energy effects, including: reducing operating costs, as well as increasing the level of autonomy of the heating system in the case of providing electricity from an autonomous photovoltaic plant. The article presents the results of mathematical modeling of the heating system of a private house based on a heat pump, a thermal energy accumulator and a photovoltaic plant in the MATLAB/SIMULINK software environment. The model was created for the research purpose of the heating system of a private house with renewable energy sources through structural simulation modeling and conducting a comparative analysis of its management methods for three options (methods): ""reactive"", ""economic"" and ""autonomous"". It was found that the average annual operating costs with the ""economic"" method of management decreased by 22% compared to the ""reactive"" method of management. When using the ""autonomous"" method of control, the annual maintenance cost of the system due to photogeneration increased by 48%.",0,http://dx.doi.org/10.31548/energiya2(66).2023.063,household,36,,,,
OA0198,https://openalex.org/W164742585,10.1109/mper.1984.5525851,Pumping Heat Into Cold Water,1984,1984-07-01,article,en,"High efficiency is the reason for adapting heat pump technology for domestic water heating. With almost 20,000 units now in service, the heat pump water heater (HPWH) is going on strong as an end-use conservation option. This article describes HPWH developments since the first designs for mass production in the 1950s, their operating characteristics, and the consumer education that was necessary to gain public acceptance. 3 references, 2 figures.",0,https://doi.org/10.1109/mper.1984.5525851,consumer,36,,,,
OA0199,https://openalex.org/W4377820196,10.36227/techrxiv.23065739,Regionalizing the thermodynamic barriers to heat pump adoption in the United States from first principles analysis,2023,2023-05-23,preprint,en,A simple analysis bounding the performance of heat pumps for heating on the coldest days of the year per state.,0,https://doi.org/10.36227/techrxiv.23065739,adoption;barrier,36,,,,
OA0200,https://openalex.org/W4381661920,10.1002/wene.488,Synergies between China's Whole County photovoltaic program and rural heat pump adoption,2023,2023-06-21,article,en,"Abstract Electrification of heating, particularly with highly‐efficient heat pumps, is increasingly viewed as essential for reaching the targets of the Paris Climate Agreement. China has promoted replacement of dirty coal heating in rural areas. More recently China has also begun promoting distributed solar photovoltaic (PV) energy as a rural development strategy, particularly with the launch of the Whole County PV pilot program in 2021. While several studies have examined the economics of heat pump adoption, with or without solar PV, the Whole County PV program has not been specifically studied. Further, many prior studies utilize monthly average solar production or temperature ranges. This study examines the economics of heat pumps in participating counties in the Whole County PV program, employing hourly data for both PV output and ambient temperature in participating counties. The analysis shows that pairing residential heat pumps with PV in counties in Shandong, Henan, and Jiangsu would result in short economic payback periods versus gas or resistance heat, while also increasing self‐consumption of PV. The results suggest that expanding the Whole County PV program to incorporate energy efficiency and heating/cooling measures represents an economically attractive way to accelerate the rural energy transition and improve rural livelihoods. Such a policy would help accelerate the low‐carbon energy transition, reduce air pollutant emissions, and help address oversupply of midday PV output in local areas. Barriers to the approach include involvement of different government ministries, the cost of upgrading building insulation, the design of building codes, and the structure of electricity tariffs. This article is categorized under: Sustainable Energy > Solar Energy Energy and Power Systems > Electrification Cities and Transportation > Buildings",0,https://doi.org/10.1002/wene.488,adoption,36,,,,
OA0201,https://openalex.org/W7205012245,10.2139/ssrn.7395294,A Study on the Market Assessment of Air-Source Heat Pumps in Cold Regions and Energy Policy Adjustments,2026,2026-01-01,preprint,,,1,https://doi.org/10.2139/ssrn.7395294,willingness,37,,,,
OA0202,https://openalex.org/W3100304226,10.1016/j.applthermaleng.2020.116305,A theoretical treatment of the design and optimization of adsorption heat pumps,2020,2020-11-08,article,en,,1,https://doi.org/10.1016/j.applthermaleng.2020.116305,uptake,37,,,,
OA0203,https://openalex.org/W2518554457,10.1051/matecconf/20167302016,Centralized Heating System with Heat Pumps,2016,2016-01-01,conference-paper,en,"The authors introduce the centralized heat supply system of remote consumers which is based on the heat pump systems using secondary energy resources of a thermal power plant as a source of low-grade heat. To assess the effectiveness of the proposed system, the indexes of thermal efficiency are given. The authors describe a mathematical model of determining the dependence of the discounted net profit of consumers’ remoteness, the pipe diameter, and the thermal input of the consumer groups located in the city of Tyumen as a result of the introduction of heat pumps in the centralized heating based on the combined heat and power plant.",0,https://doi.org/10.1051/matecconf/20167302016,consumer,37,,,,
OA0204,https://openalex.org/W7128438465,10.2139/ssrn.6205216,Impact of Widespread Heat Pump Adoption on Grid Reinforcement and Network Tariff Equity,2026,2026-01-01,preprint,,,1,https://doi.org/10.2139/ssrn.6205216,adoption,37,,,,
OA0205,https://openalex.org/W2474255007,10.13031/aea.29.9984,Performance of Household Heat Pumps for Nighttime Cooling of a Tomato Greenhouse during the Summer,2013,2013-07-08,article,en,"Abstract. To produce high-quality greenhouse crops year round, a cooling method to decrease the air temperature is required in summer. In the present experiment, multiple small-capacity (2.8 kW) household heat pumps were used for cooling a greenhouse in Chiba, Japan, during summer nights. The environmental conditions inside the greenhouse, average coefficient of performance (COP) of eight heat pumps, and amount of water drained from the heat pumps were investigated. The results showed that when the heat pumps were used in the greenhouse, the air temperature, CO2 concentration, and water vapor pressure deficit were more suitable for crop growth than when the heat pumps were not used. Average COP for cooling ranged from 5.8 to 10.7, which was 1.3 to 2.4 times greater than the value obtained under Japanese Industrial Standard conditions, due to the smaller difference in air temperature between inside and outside the greenhouse during the nighttime(20:00-05:00) from20June 20 July 2010. The amount of water drained from the heat pumps accounted for 15% to 25% of the amount of irrigated water. These results indicate that the environmental conditions inside a greenhouse can be improved by using heat pumps during summer nights achieving high COP and low net water consumption.",0,https://doi.org/10.13031/aea.29.9984,household,37,,,,
OA0206,https://openalex.org/W4414043965,10.63044/s25usi54,Using Fault Managed Power to Overcome Infrastructure Barriers to Heat Pump Installation in Older Buildings,2025,2025-08-04,conference-paper,en,,1,https://doi.org/10.63044/s25usi54,barrier,37,,,,
OA0207,https://openalex.org/W2983203269,10.3390/en12224331,A Review of Heat Pump Systems and Applications in Cold Climates: Evidence from Lithuania,2019,2019-11-13,article,en,"Similar to other cold climate countries, space heating and domestic hot water (DHW) accounts form the largest share of household energy demand in Lithuania. Heat pump technology is considered to be one of the environmentally friendly solutions to increase energy efficiency and reduce the carbon footprint of buildings. Heat pumps have been finding their way into the Lithuanian market since 2002, and currently there are many good practice examples present in the country, especially in the residential and public sectors. Heat pump use is economically advantageous in the Baltic Region, and the market share of these systems is growing. Studies have reported seasonal performance factor (SPF) ranges within 1.8 and 5.6. The lower SPF values are typically attributable to air source heat pumps, whereas the higher efficiency is achieved by ground or water source heat pump applications. While the traditional heat pump techniques are well established in the region, there is a slow uptake of new technologies, such as solar-assisted heat pumps, absorption heat pumps and heat pumps integrated into foundations, tunnels or diaphragm walls. This paper provides a critical review of different heat pump technologies, using Lithuania as a cold climate case study to overview the market trends within the European context. Potential trends for the heat pump technology development in terms of application areas, cost-benefit predictions, as well as environmental aspects, are discussed.",0,https://doi.org/10.3390/en12224331,uptake,38,,,,
OA0208,https://openalex.org/W2357416517,,Environmental heat source for heat pump is not renewable energy,2008,2008-01-01,article,en,"The environmental heat source is an anergy,therefore neither the energy nor renewable energy.Advantage of heat pump manifests in generating the available heat process,the exergy can be fully utilized,rather than the environmental heat source of which as a low temperature heat source with renewable energy attributes.Environmental heat source treated as renewable energy is unscientific,the objective will mislead consumers,moreover is not conducive to the healthy development of heat pump industry.From the perspective of the development and utilization of energy,heat pump application is energy-saving measures rather than renewable energy development,thus,should be more actively promoted.",0,http://en.cnki.com.cn/Article_en/CJFDTOTAL-ZLDT200805002.htm,consumer,38,,,,
OA0209,https://openalex.org/W3150869399,,IEA HPP Annex 29: Ground Source Heat Pumps – Overcoming Market and Technical Barriers,2006,2006-01-01,article,en,,1,https://graz.pure.elsevier.com/en/publications/iea-hpp-annex-29-ground-source-heat-pumps-overcoming-market-and-t,barrier,38,,,,
OA0210,https://openalex.org/W7159549159,,"Plumbers at the net zero technology frontline: Ground source heat pump installation, service and repair (Abridged)",2026,2026-04-25,report,en,"Report summary How we heat our homes has never been a bigger issue. Never so much nor so directly, has the subject of home heating been so salient. Oil and gas price volatility on foot of the Iranian war and wider spill overs in the Middle East region, net zero commitments to cut greenhouse gas emissions, and new schemes for energy-efficiency-driven house retrofits and emerging renewable technologies all bring the question of how we heat our homes to the fore. Foremost, too, are the legislative changes banning oil- and gas-fired boilers in new builds, the phasing out coal-burning chimneys, and growing media attention on heat pump installation, all of which suggests that the prospects of home heating changes are imminent, or at least on the horizon. Delivering net zero technology at the frontline. Yet what is happening at the net zero technology frontline? What are the experiences of those installing heat pump technology at the frontline? What does the heat pump landscape look like? How is policy work shaping the plumber’s job? What do the market size and growth fundamentals of revenue generated through actual sales of heat pump technologies, or oil-and gas-fired boilers, or even Scandinavian design stoves tell us? This report aims. To explore plumbers’ experiences and the competitive realities of the phasing out of oil-and gasfired boilers and the installation of heat pump technologies in domestic and non-domestic settings on the island of Ireland. Funded by the GEMINI (Geothermal Energy Momentum on the IslaNd of Ireland) project under the PEACEPLUS programme, and managed by the Special EU Programmes Body (SEUPB), our research focuses on ground source heat pumps (GSHPs) but within the overall heat pump market. Our research has yielded a range of insights.Plumbers at the net zero technology frontline. Plumbers are directly responsible for heat pump installation, servicing and repair of existing and alternative heating systems, and so are very knowledgeable about what works and what does not work. Alternative heating technologies already exist in the heat pump category and include Air Source Heat Pumps (ASHPs) and Ground Source Heat Pumps (GSHPs). Both offer different advantages.The energy transition’s ‘last mile’. The characteristics of the built environment are many and varied, which perhaps helps explain its slower progress compared with other decarbonising sectors like transport and electricity generation. Its defining ‘last-mile’ challenge - high complexity, dispersed decision-making, and significant costs - makes delivery particularly difficult. Decarbonising heat remains a hard-to-abate challenge for policymakers and the heat-pump sector alike. Willingness to substitute old technologies may be a choice for some, but not for all households. The Republic of Ireland and Northern Ireland households share similar housing stock characteristics, with the oil-and gas-fired boilers and the related challenges. Rural communities in particular, present challenges.A family of renewable technologies. What immediately strikes you from the initial interviews with plumbers is the renewable technology reference points – and usually GSHPs are ‘left off the table.’ The heat pump is synonymous with ASHPs. When prompted, of course, opinions follow on in relation to GSHPs and the inevitable comparisons with ASHPs and other oil-and gas-fired boilers. In frontline practice, there is no one single technology but a family of technological solutions. Passivhaus house designs and retrofit solutions carry many renewable technologies. Yet we find that the suite of renewable technologies is not always viewed as a family of solutions, but instead, each is owned, sometimes omitting or pitting one renewable against the other. We think that a narrow policy design bias has distorted choice in the market. Getting the work done and not driving market share. A benefit of the high-market-share operators (ASHP) is brand visibility, reference and public awareness. Small micro enterprises in the business of plumbing are mostly disinterested in maximising market share of any particular heat pump over the long run. Plumbers are knowledgeable and interested in the technological features, effectiveness and the overall family of solutions. Plumbers in domestic settings are interested in maximising their own cash generation and getting the work done. Non-standardised price points and pricing ambiguity remain a market share and sector growth impediment in the sector. Rural community energy needs. The predominance of (semi-) detached homes, many of them in rural locations, further complicates the built environment energy transition. Rural housing is mainly the oldest and often the coldest. Rural housing stock is the least likely to benefit from communal energy solutions such as heat networks, rural community organising and heat network infrastructure, remains ‘skimpy’ on the ground in such rural locations. Dandelion Energy Inc. which targets detached homes in America is an interesting GSHP installation case in point. But in the absence of key drivers such as a differential heat pump and grounds work subsidy to defray additional drilling and groundwork costs, this option is more, not less, likely to remain untapped. Plumbers report that the ‘warmth you can see’ remains a strong human comfort, particularly in the rural parts where open fires and Scandinavian type wood burning stove sales appear to be thriving. Northern parts of the island strongly fit this characteristic. When a new industry meets a traditional one. Renewable technologies are substitute technologies seeking to capture a share of the existing and future market spoils. New heat pump technology entrants take space and share from others. In one space, start-ups, pre-revenue firms, and institutions in advisory or advocacy roles frequently report on market potentiality (estimates). This potentiality, we suggest, amplifies the ‘glass bottle’ market. In another space, are the existing oil-and gas-fired boiler businesses maintaining their dominant market share. Oil, gas, and coal producers, distributors, and retailers remain steadfast and indeed are thriving in certain parts of the island of Ireland. In Northern Ireland, the data suggests that fossil fuels are thriving. Why is this only happening there? That question is certainly a pressing one, but another study. Relatedly, in this study we found that some plumbers’ core beliefs are deeply entrenched with the power of oil-and gas-fired boilers, open fires and wood burning stoves. Indeed, at times we were met with sighs and shakes of the head on the issues of renewable technologies. We did not find such core beliefs in the Republic of Ireland on same, but generally a more open and a more willingness to engage with renewable technology alternatives. Persistent structural disruption rather than cyclical volatility. As our report shows, oil-price shocks are structural. A crisis occurs; a short-term policy reaction follows; and for a brief period, renewable heat pumps become more competitive for a while. Yet this persistent structural disruption is visible only in crisis–reaction cyclical outworkings and domestic households or businesses pay the price. The Iranian war is a case in point. Looking ahead, policy-makers must ‘double down’ on taking corrective action on this market failure and build a resilient, affordable, and sustainable energy system on the island of Ireland. Harnessing ‘homegrown’ energy on-site and locally is critical in this work. Important work and strides are already underway, but significantly more progress is needed, particularly in the area of energy waste heat and energy storage.Reconciling pledges with business fundamentals. At the net-zero frontier, ambitious pledges to decarbonise at unprecedented speed offer little consolation to those installing heat pumps who, for various reasons, find themselves replacing oil-and gas-fired systems with the same technologies again, or serving households content to maintain the cosy comforts and the comforting rituals of open coal or log fires, or the Scandinavian stoves. Building an accurate picture of the heat pump market adoption goes beyond assessing market potential sentiment. Heat pump use and adoption vary across households, regions and building types. Different market segments, market attractiveness, competing technologies and brands, sales and sentiment and market share drivers all make sizing this heat pump market not necessarily an easy task. Revisiting the business fundamentals is necessary.Flatlining GSHP market share and market failures. Speaking with the plumbers and the related trade allowed us to identify the following market failures: (i) Positive externalities associated with heat pumps: GSHPs deliver social and environmental benefits (such as lower emissions and cleaner air) that are not reflected in market prices, which leads to underinvestment. (ii) High upfront costs of gateway infrastructure-building for heat networks and waste heat: High upfront investment infrastructure-building costs have made GSHPs less attractive compared to ASHPs. This reduces choice. (iii) High incumbent advantages for oil-and gas-fired boilers that deter investment in the renewables sector: the higher energy costs in both the UK (NI) and also the EU (some of the highest electricity prices in the world) are undermining energy competitiveness on the island. (iv) Scheme incentive subsidy referral mechanism. The negative externalities associated with scheme incentive subsidy on heat pump transitions, waste heat and heat networks does not have a specific mechanism for referral on either part of the island of Ireland.Plumbers wear their expertise lightly, but don’t mince their words. In a final note, the authors are grateful to those plumbers and supply chain trades that participated in our research. Plumbers, as you can imagine, are extremely busy. Plumbers are certainly one of t",0,https://pure.qub.ac.uk/en/publications/f80cacd4-2bf8-4383-b91a-ff137ee7fde3,willingness,38,,,,
OA0211,https://openalex.org/W3042053897,,Simulation of heat and mass transfer in adsorbent bed of adsorption heat pump operating with released heat of a household refrigerator.,2014,2014-03-02,article,en,"In this study, simulation of heat and mass transfer in adsorbent bed of adsorption heat pump operating with the released heat of a household refrigerator is performed. The adsorbent bed has a rectangular design. For transferring of heat between the outlets of compressor and condenser into the adsorbent bed, a heat exchanger consists of two parallel plates on which the adsorbent bed is located is designed. The R600a refrigerant leaving the compressor flows into the parallel plate. The temperature of refrigerant between compressor outlet and expansion valve inlet is obtained from experimental data of a household refrigerant. The top of the adsorbent bed is cooled by a fan which operates only during adsorption process. Adsorptive enters and leaves the bed from two ends. Heat and mass transfer equations are solved numerically to determine temperature and concentration distributions in the bed for both adsorption and desorption process. The distribution of these parameters are plotted for the bed and discussed. The study is performed for Fuji RD silica gel-water pair with Freundlich isotherm relationship.",0,https://iifiir.org/en/fridoc/30985,household,38,,,,
OA0212,https://openalex.org/W2298158632,10.1080/00779954.2015.1108356,Estimating the willingness to pay for Warmer and Drier Homes,2015,2015-11-07,article,en,"New Zealand is one of several countries to use subsidies for retrofitting insulation and installing improved heating devices such as heat pumps. The valuation of these devices by the affected populations remains unknown. We investigate willingness to pay for such devices, using a choice experiment with a sample of Pacific Islanders in the upper North Island. This is a high-risk group for respiratory disease, who typically rent crowded and inadequately heated dwellings. Using both conditional logit and panel mixed logit models, we find reasonably precise estimates of the willingness to pay for four improved heating and humidity control devices, which would cover the capital costs of two of the devices, and about three-quarters of the cost of the other two devices.",0,https://doi.org/10.1080/00779954.2015.1108356,willingness,39,,,,
OA0213,https://openalex.org/W4380838789,10.2139/ssrn.4477719,Heat Pumps for All? The Distributional Costs and Benefits of Residential Air-Source Heat Pumps,2023,2023-01-01,preprint,en,,1,https://doi.org/10.2139/ssrn.4477719,consumer,39,,,,
OA0214,https://openalex.org/W1998814665,10.1007/s00249-008-0358-0,Is the Ca2+-ATPase from sarcoplasmic reticulum also a heat pump?,2008,2008-08-04,article,en,,1,https://doi.org/10.1007/s00249-008-0358-0,uptake,39,,,,
OA0215,https://openalex.org/W4415274134,10.48550/arxiv.2510.12955,Model predictive control lowers barriers to adoption of heat-pump water heaters: A field study,2025,2025-10-14,preprint,,"Electric heat-pump water heaters (HPWHs) could reduce the energy costs, emissions, and power grid impacts associated with water heating, the second-largest energy use in United States housing. However, most HPWHs today require 240 V circuits to power the backup resistance heating elements they use to maintain comfort during large water draws. Installing a 240 V circuit can increase the up-front cost of a HPWH by half or more. This paper develops and field-tests the first control system that enables a 120 V HPWH to efficiently maintain comfort without resistance heating elements. The novel model predictive control (MPC) system enables pre-heating in anticipation of large water draws, which it forecasts using an ensemble of machine learning predictors. By shifting electrical load over time, MPC also reduces energy costs on average by 23% and 28% under time-of-use pricing and hourly pricing, respectively, relative to a 240 V HPWH with standard controls. Compared to the increasingly common practice in 120 V HPWHs of storing water at a constant, high temperature (60 °C) to ensure comfort, MPC saves 37% energy on average. In addition to demonstrating MPC's benefits in a real, occupied house, this paper discusses implementation challenges and costs. A simple payback analysis suggests that a 120 V HPWH, operated by the MPC system developed here, would be economically attractive in most installation scenarios.",0,http://arxiv.org/abs/2510.12955,adoption;barrier,39,,,,
OA0216,https://openalex.org/W2560797276,10.3390/en9121026,Research on a Household Dual Heat Source Heat Pump Water Heater with Preheater Based on ASPEN PLUS,2016,2016-12-03,article,en,"This article proposes a dual heat source heat pump bathroom unit with preheater which is feasible for a single family. The system effectively integrates the air source heat pump (ASHP) and wastewater source heat pump (WSHP) technologies, and incorporates a preheater to recover shower wastewater heat and thus improve the total coefficient of performance (COP) of the system, and it has no electric auxiliary heating device, which is favorable to improve the security of the system operation. The process simulation software ASPEN PLUS, widely used in the design and optimization of thermodynamic systems, was used to simulate various cases of system use and to analyze the impact of the preheater on the system. The average COP value of a system with preheater is 6.588 and without preheater it is 4.677. Based on the optimization and analysis, under the standard conditions of air at 25 °C, relative humidity of 70%, wastewater at 35 °C, wastewater flow rate of 0.07 kg/s, tap water at 15 °C, and condenser outlet water temperature at 50 °C, the theoretical COP of the system can reach 9.784 at an evaporating temperature of 14.96 °C, condensing temperature of 48.74 °C, and preheated water temperature of 27.19 °C.",0,https://doi.org/10.3390/en9121026,household,39,,,,
OA0217,https://openalex.org/W4300012386,,Geothermal Heat Pump System for U.S. Residential Houses: Barriers of Implementation and it's Environmental and Economic Benefits,2014,2014-08-01,dissertation,en,"Residential buildings account for 22 percent of the primary energy consumption in the U.S. Over half of this home energy requirement comes from heating and cooling demands. The geothermal heat pump (GHP) system can provide significant energy savings and greenhouse gas (GHG) abatement in homes with its high efficiency. However, despite its long history in the market, less than 0.5 percent of U.S. homes are utilizing GHP systems as of 2009. In this study, a model is developed to analyze the energy savings, GHG abatement, and energy bill savings potentials of the GHP in U.S. single-family detached houses and to identify major barriers for nation-wide implementation of the GHP system. Particularly, this study systematically pairs two national housing surveys to identify the house lot size, a key parameter that is not adequately addressed in other studies. This study estimates 1.26 quads of national energy savings, which is equivalent to 66 percent of energy savings from house heating and cooling, and 76 million tonCO2eq of GHG abatement every year. Moreover, this project identifies the major barriers as:(1) high cost premiums to homeowners, and (2) lack of available lots for ground loop. This study finds that about 21 percent of the sample houses cannot install the GHP system due to their small lots and about 61 percent of the sample houses will not fully recover the cost premium of the GHP system. The GHP system costs 9,855 dollars more than the equivalent conventional systems. An annual energy bill savings of 265 dollars with the GHP is not enough to financially justify the high cost premium for many homes. The average payback period is around 22 years under a 5 percent interest rate. A 30 percent federal tax credit reduces the percentage of houses that find the GHP system financially unattractive and sets the average payback period to 13.5 years. However, this payback period is still too long, meaning more aggressive policy is needed for a large scale GHP implementation.",0,https://hdl.handle.net/2027.42/108253,barrier,40,,,,
OA0218,https://openalex.org/W4400419362,10.3390/en17133329,Ground Source Heat Pumps in Buildings Revisited and Prospects,2024,2024-07-07,article,en,"A large number of ground-source heat pump (GSHP) systems have been used in residential and commercial buildings throughout the world due to their attractive advantages of high energy and environmental performances. In particular, GSHPs constitute a proven renewable energy technology for space heating and cooling. This paper provides a detailed literature review of the primary aspects of GSHP systems. These include the technological characteristics of HPs and the main types and variations in GSHPs, along with their environmental impact. Other aspects addressed are the integration of GSHPs with other systems, as well as their optimal design and control and energy analysis. The important aspect of the system’s performance is also dealt with through case studies and also the barriers hindering the further adoption of GSHPs in buildings. Two important challenges for the adoption of GSHPs is their cost and environmental efficiency. Studies have shown that GSHPs can reach a >>24% lower environmental impact than air-source HPs, while today’s technology can allow for a payback period for installing a GSHP of <<5 years. Finally, based on the above review, the future challenges and prospects for the successful uptake of GSHPs is discussed. It seems that through the right steps, the wide adoption of GSHPs as an important form of ‘implemented’ renewable energy system can become a reality.",0,https://doi.org/10.3390/en17133329,barrier;uptake,40,,,,
OA0219,https://openalex.org/W4405236554,10.2139/ssrn.5037079,Households' Willingness to Curtail Electricity Usage During Winter Shortages - A Field Experiment,2024,2024-01-01,preprint,en,,1,https://doi.org/10.2139/ssrn.5037079,willingness,40,,,,
OA0220,https://openalex.org/W4377115608,10.1016/j.enbuild.2023.113183,How do heat demand and energy consumption change when households transition from gas boilers to heat pumps in the UK,2023,2023-05-19,article,en,"Heating with air source heat pumps is an important step in the transition to Net Zero Carbon for many households. When predicting the resulting energy consumption it is frequently assumed that heating demand is unchanged from before the switch from gas heating. However, heating patterns usually change, with a net increase in heating demand to achieve the same level of thermal comfort. This paper discusses the change in pattern and uses modelling to determine the resulting increase in energy demand. It shows that the increase can be predicted with information about dwelling heat loss and thermal mass as well as weather and the pre and post switch heating pattern. The increase can be 20% or more for homes with high heat loss. It proposes that the metric for heating demand increase would be a useful measure of heat pump readiness, and that the parameters required to assess this should be provided on energy performance certificates.",0,https://doi.org/10.1016/j.enbuild.2023.113183,household,40,,,,
OA0221,https://openalex.org/W2319232549,10.1299/kikaic.64.1611,Optimal Operational Planning for a Heat Pump Space Cooling System with Ice Bank Based on the Log Barrier Method.,1998,1998-01-01,article,en,"An optimal operational planning problem is discussed for a heat pump space cooling system considering characteristics in ice bank during ice making and thawing. This problem is formulated as a mixed-integer nonlinear programming one, in which the operational strategy of heat pumps and ice bank is determined so as to minimize the daily operational cost. An algorithm is proposed to solve this optimization problem on the basis of the log barrier method. Through a numerical study, it is ascertained that the proposed algorithm is a useful tool, and it is investigated how the characteristics in ice bank influences on the operational strategy.",0,https://doi.org/10.1299/kikaic.64.1611,barrier,41,,,,
OA0222,https://openalex.org/W2158180842,10.1016/j.eneco.2009.06.004,Willingness-to-pay for renewable energy: Primary and discretionary choice of British households' for micro-generation technologies,2009,2009-06-14,article,en,,1,https://doi.org/10.1016/j.eneco.2009.06.004,willingness,41,,,,
OA0223,https://openalex.org/W7214761460,10.23697/5exw-r228,Breaking the 100°C Barrier: Advanced Ammonia Heat Pump System for High-Temperature Industrial Applications,2026,2026-05-09,conference-paper,,,1,https://doi.org/10.23697/5exw-r228,barrier,42,,,,
OA0224,https://openalex.org/W2726087687,10.1299/jsmemag.111.1079_825,The Effect and Potential of Heat Pump Technology,2008,2008-01-01,article,en,"Problems associated with global warming and energy supply are the issues that humankind century must overcome. Consumption of fossil fuels by consumers is affected by a steep rise in its prices, and that the reducing CO2 emissions as a greenhouse gas (GHGs) are solely dependent on the efforts of consumers who would not take radical measures. The key to resolving these problems lies in realizing “dramatic improvements in energy utilization efficiency” and “a transition to post-carbon energies.” A technology that can accomplish them compatibly is “heat pump”. Heat-pump heaters that utilize ground-source heat have already been available in Europe and North America. In Japan, water heaters that utilizing air-source heat are commercialized and one million units have already been introduced in the market. For heating and water heating, however, heat generated by combustion of fossil fuels is used in general, and it is hard to say that heat pumps have come into wide use as yet. Now, it’s time to promote wide use of heat pumps through international cooperation hand in hand, so as to solve global warming issues.",0,https://doi.org/10.1299/jsmemag.111.1079_825,consumer,42,,,,
OA0225,https://openalex.org/W2900985537,10.1021/jacs.8b09655,Tunable Metal–Organic Frameworks Enable High-Efficiency Cascaded Adsorption Heat Pumps,2018,2018-11-21,article,en,"Rising global standards of living coupled to the recent agreement to eliminate hydrofluorocarbon refrigerants are creating intense pressure to develop more sustainable climate control systems. In this vein, the use of water as the refrigerant in adsorption heat pumps is highly attractive, but such adsorption systems are constrained to large size and poor efficiency by the characteristics of currently employed water sorbents. Here we demonstrate control of the relative humidity of water uptake by modulating the pore size in a family of isoreticular triazolate metal–organic frameworks. Using this method, we identify a pair of materials with stepped, nonoverlapping water isotherms that can function in tandem to provide continuous cooling with a record ideal coefficient of performance of 1.63. Additionally, when used in a single-stage heat pump, the microporous Ni 2 Cl 2 BBTA has the largest working capacity of any material capable of generating a 25 °C difference between ambient and chiller output.",0,https://doi.org/10.1021/jacs.8b09655,uptake,42,,,,
